Date,Close,High,Low,Open,Volume,Ticker
01/02/2020,72.46826172,72.52858156247073,71.22325926076245,71.47659966,135480400,AAPL
01/03/2020,71.76370239257812,72.52373073569198,71.53931440462966,71.69614448126268,146322800,AAPL
01/06/2020,72.33557129,72.37417688,70.63455422652187,70.88548689932232,118387200,AAPL
01/07/2020,71.99535369873047,72.60095990158051,71.77578859164102,72.34520436217124,108872000,AAPL
01/08/2020,73.15349578857422,73.45509501348069,71.69858142215591,71.69858142215591,132079200,AAPL
01/09/2020,74.70734405517578,74.90036463569696,73.87975745537804,74.13068273740295,170108400,AAPL
01/10/2020,74.87623596191406,75.44083626,74.37437802964394,74.94138611501243,140644800,AAPL
01/13/2020,76.47589874267578,76.50244329938738,75.07406634437707,75.19229822984673,121532000,AAPL
01/14/2020,75.44325256347656,76.62311254429632,75.32020505767588,76.41320061231343,161954400,AAPL
01/15/2020,75.11991882324219,76.12364189473249,74.68802669,75.24297366,121923600,AAPL
01/16/2020,76.06090545654297,76.17189926714461,75.30087692,75.66279597280943,108829200,AAPL
01/17/2020,76.90297699,76.90538477645106,76.00300228022495,76.30942443229468,137816400,AAPL
01/21/2020,76.38182830810547,76.97295847341564,76.24429727052916,76.53142037146344,110843200,AAPL
01/22/2020,76.65448760986328,77.20701227331683,76.56038508582297,76.86680735013732,101832400,AAPL
01/23/2020,77.02362823486328,77.10324719984139,76.15984382890906,76.70755279875391,104472000,AAPL
01/24/2020,76.80163574,78.01285552986269,76.61102297800898,77.26971830945405,146537600,AAPL
01/27/2020,74.54326629638672,75.22366854186772,73.56125746709372,74.81108286986905,161940000,AAPL
01/28/2020,76.65203857421875,76.82334485387435,75.32500212699546,75.42392754574348,162234000,AAPL
01/29/2020,78.25653839111328,79.10343121061821,77.54235362,78.28308294677784,216229200,AAPL
01/30/2020,78.14316559,78.19624735599628,76.90781612011679,77.33970834921887,126743200,AAPL
01/31/2020,74.67838287353516,77.85602816826189,74.38402173692818,77.43378925544725,199588400,AAPL
02/03/2020,74.47328949,75.63866557981345,72.91944979414838,73.42130763220082,173788400,AAPL
02/04/2020,76.93193054199219,77.12254331082424,75.67245190422207,76.07779948888638,136616400,AAPL
02/05/2020,77.55926513671875,78.35789935199301,76.95606664401838,78.05870789,118826800,AAPL
02/06/2020,78.46645355,78.46886870193435,77.27212521509354,77.82947991175031,105425600,AAPL
02/07/2020,77.39990997314453,78.21495018710938,76.90895061507658,77.96584287500079,117684000,AAPL
02/10/2020,77.76750946044922,77.76750946044922,75.90525344548281,75.98506136,109348800,AAPL
02/11/2020,77.29832458496094,78.33587187126635,77.08065923180118,78.26331921379253,94323200,AAPL
02/12/2020,79.13397979736328,79.13881418044723,77.74816513747918,77.74816513747918,113730400,AAPL
02/13/2020,78.57044982910156,78.89695147104912,78.20283748467311,78.40599225770488,94747600,AAPL
02/14/2020,78.58979797363281,78.8389052,78.08190737748309,78.53900374750255,80113600,AAPL
02/18/2020,77.15079498291016,77.33218399932765,76.08906106405882,76.27045008047632,152531200,AAPL
02/19/2020,78.26814270019531,78.49790505143669,77.39263964512776,77.39263964512776,93984000,AAPL
02/20/2020,77.46517944335938,78.51723694017812,76.95970973520781,78.02869864051748,100566000,AAPL
02/21/2020,75.71175384521484,77.50146427081181,75.09503429364842,77.05887104659352,129554000,AAPL
02/24/2020,72.11544799804688,73.56656040872682,69.95087641389293,71.89294822829001,222195200,AAPL
02/25/2020,69.67271423339844,73.16747825,69.20110730705076,72.78535537,230673600,AAPL
02/26/2020,70.77798461914062,72.04287320574078,69.29059633111234,69.2978516,198054800,AAPL
02/27/2020,66.15135955810547,69.16967532004576,66.01592302206369,67.98460193931137,320605600,AAPL
02/28/2020,66.11266326904297,67.33402037,62.00359989656375,62.21885173263986,426510000,AAPL
03/02/2020,72.26778411865234,72.90385595913628,67.16712712972084,68.26997149,341397200,AAPL
03/03/2020,69.97261810302734,73.52300347304629,69.12129439177312,73.44319556548463,319475600,AAPL
03/04/2020,73.21827697753906,73.37790019382146,70.89408264604006,71.69461223,219178400,AAPL
03/05/2020,70.84329986572266,72.44677262458974,70.47810094,71.47210923904862,187572800,AAPL
03/06/2020,69.90248107910156,70.33539821217181,68.01603849038064,68.20226187,226176800,AAPL
03/09/2020,64.37375641,67.2566284,63.60708224588359,63.788471263695044,286744800,AAPL
03/10/2020,69.01006317138672,69.27610190295883,65.14768563149643,67.02688078666671,285290000,AAPL
03/11/2020,66.61329650878906,68.01362169576068,65.74988307252373,67.08733175658426,255598800,AAPL
03/12/2020,60.03492355,65.30004285714023,59.97929862,61.89960418,418474000,AAPL
03/13/2020,67.22761535644531,67.69922981131083,61.176475967090425,64.06419375596272,370732000,AAPL
03/16/2020,58.578975677490234,62.65901412516802,58.044481123383505,58.51609179443726,322423600,AAPL
03/17/2020,61.15469741821289,62.30349073818724,57.65751584296428,59.860787730415886,324056000,AAPL
03/18/2020,59.65762710571289,60.46299463712357,57.34793997,57.98884992987561,300233600,AAPL
03/19/2020,59.20053482055664,61.149861434253346,58.67571640074359,59.83176871542281,271857200,AAPL
03/20/2020,55.44215774536133,60.905593927619734,55.142259915533515,59.780979833542105,401693200,AAPL
03/23/2020,54.26433563232422,55.263185639015276,51.420157253571155,55.16160823517076,336752800,AAPL
03/24/2020,59.70841598510742,59.90431549182687,56.66591773670302,57.16413220820389,287531200,AAPL
03/25/2020,59.37950516,62.45828014038061,59.08444541685393,60.644390107262105,303602000,AAPL
03/26/2020,62.504234313964844,62.56227643476942,59.58266157820947,59.621358785658394,252087200,AAPL
03/27/2020,59.91641616821289,61.882670430565696,59.74953769675213,61.12809336695391,204216800,AAPL
03/30/2020,61.626312255859375,61.798028812791074,60.317891949823974,60.64197645935922,167976400,AAPL
03/31/2020,61.500545501708984,63.483731229594824,60.94670602705082,61.81737473,197002000,AAPL
04/01/2020,58.264564514160156,60.15342798886396,57.83406826188775,59.61651626922201,176218400,AAPL
04/02/2020,59.23680496,59.290012694130326,57.29473381628088,58.12670523580675,165934000,AAPL
04/03/2020,58.3854866,59.423029959454176,57.795367188954444,58.72166070290784,129880000,AAPL
04/06/2020,63.47889709472656,63.63367854249636,60.31305518274137,60.68066757934002,201820400,AAPL
04/07/2020,62.74366760253906,65.71119660334946,62.63967300560569,65.49352388136515,202887200,AAPL
04/08/2020,64.34955596923828,64.66396058058191,63.17899331030437,63.54418476916798,168895200,AAPL
04/09/2020,64.81391906738281,65.31697539124775,64.01823125,64.98563931197687,161834800,AAPL
04/13/2020,66.08605957,66.19489592354667,64.29151446730144,64.89131008954301,131022800,AAPL
04/14/2020,69.42362976074219,69.71385518039764,67.24696125554331,67.71857571729868,194994800,AAPL
04/15/2020,68.78996276855469,69.24948009360917,67.87092811844572,68.2990035,131154400,AAPL
04/16/2020,69.33655548095703,69.70175439,68.28691861079514,69.50343396347523,157125200,AAPL
04/17/2020,68.39574432373047,69.39943605,66.95914281806782,68.85284815768563,215250000,AAPL
04/20/2020,66.97608947753906,68.12488676722366,66.95674456,67.22278330341808,130015200,AAPL
04/21/2020,64.90583801269531,67.05348554767438,64.19479234555389,66.81888874755303,180991600,AAPL
04/22/2020,66.77534484863281,67.21067553657838,65.83212344,66.17312829,116862400,AAPL
04/23/2020,66.51657867,68.14182498152778,66.47788146,66.71973354012535,124814400,AAPL
04/24/2020,68.43686676,68.44654290771221,66.99300989791057,67.04138325446418,126161200,AAPL
04/27/2020,68.48523712158203,68.81657319534303,67.70647335185146,68.15389367,117087600,AAPL
04/28/2020,67.37509918,69.12852546045103,67.28320165977156,68.94713653510736,112004800,AAPL
04/29/2020,69.58808898925781,70.05728252965069,68.65937805652075,68.86253288111276,137280800,AAPL
04/30/2020,71.05609893798828,71.23265351601944,69.73801025784547,70.12738834900439,183064000,AAPL
05/01/2020,69.91217803955078,72.31376726807983,69.13341409681881,69.23015344644766,240616800,AAPL
05/04/2020,70.90133666992188,71.02951794095532,69.24706979478302,69.93634950460861,133568000,AAPL
05/05/2020,71.96548461914062,72.79745613687825,71.21574190038736,71.36085458478117,147751200,AAPL
05/06/2020,72.70796203613281,73.33919216211522,72.28230018886588,72.66684395,142333600,AAPL
05/07/2020,73.46012878417969,73.80598277550787,73.03205337405477,73.33436839325711,115215200,AAPL
05/08/2020,75.20861816,75.26196994409985,73.79237965846578,74.11976524502593,133838400,AAPL
05/11/2020,76.39205169677734,76.88676013,74.50776956187678,74.71632920982042,145946400,AAPL
05/12/2020,75.51899719238281,77.52695196972876,75.39774386669593,77.07588574980144,162301200,AAPL
05/13/2020,74.60718536376953,76.61999543008798,73.53045501521297,75.69846552238357,200622400,AAPL
05/14/2020,75.06552887,75.12615554695448,73.12304775988805,73.84572041786713,158929200,AAPL
05/15/2020,74.62172699,74.66780385011373,72.80292692486488,72.83688141,166348400,AAPL
05/18/2020,76.3799057,76.75336807886046,75.25467849728416,75.94582405017557,135178400,AAPL
05/19/2020,75.93855285644531,77.24323270759544,75.90702580080492,76.39688667871405,101729600,AAPL
05/20/2020,77.41542816,77.48574978669299,76.75822957715101,76.79703154307944,111504800,AAPL
05/21/2020,76.83824157714844,77.81797062,76.60058237100931,77.27717806754521,102688800,AAPL
05/22/2020,77.33296203613281,77.41541342276373,76.47448628011443,76.57633494565745,81803200,AAPL
05/26/2020,76.80915832519531,78.63037881290926,76.75337911371359,78.45092620311642,125522000,AAPL
05/27/2020,77.14379883,77.28930432080578,75.92641792081989,76.66606775831522,112945200,AAPL
05/28/2020,77.17774963378906,78.43635987423401,76.54238332681012,76.81883708906608,133560800,AAPL
05/29/2020,77.10260009765625,77.88104472738917,76.74611486335854,77.42028336215132,153532400,AAPL
06/01/2020,78.05078887939453,78.17204223872224,76.92555415248881,77.05650985276371,80791200,AAPL
06/02/2020,78.41212463378906,78.43637678676062,77.34266907399055,77.78403309563147,87642800,AAPL
06/03/2020,78.84378814697266,79.10569956400518,78.15991738115441,78.73223712157194,104491200,AAPL
06/04/2020,78.16476440429688,78.96503359,77.79130199936047,78.66675507,87560400,AAPL
06/05/2020,80.39095306396484,80.45157973,78.38542576792382,78.41452538129855,137250400,AAPL
06/08/2020,80.86628723144531,80.90024172394006,79.37729985,80.08784274734353,95654400,AAPL
06/09/2020,83.41988372802734,83.81274342787988,80.51465797687612,80.54618503439575,147712400,AAPL
06/10/2020,85.56606293,86.03409908,83.92914270631454,84.36807924016622,166651600,AAPL
06/11/2020,81.45800018310547,85.13440269433788,81.35615151209016,84.71001596343379,201662400,AAPL
06/12/2020,82.16127014160156,84.34383052506377,81.05059266944424,83.59691311681682,200146000,AAPL
06/15/2020,83.17736053466797,83.82970407027696,80.65286520703812,80.81534793256503,138808800,AAPL
06/16/2020,85.38176727294922,85.65338103043176,83.59692127094438,85.23141428,165428800,AAPL
06/17/2020,85.26292419433594,86.18687406891311,85.14167085225792,86.12624739787411,114406400,AAPL
06/18/2020,85.29689025878906,85.71400210817573,84.68819603071728,85.21928633315488,96820400,AAPL
06/19/2020,84.80944824,86.46819328,83.70119078400126,86.00258453034328,264476000,AAPL
06/22/2020,87.02836608886719,87.17144413379616,85.15621433033841,85.20229118895983,135445200,AAPL
06/23/2020,88.88598633,90.30465209700697,87.85290534963454,88.27244463261384,212155600,AAPL
06/24/2020,87.31697082519531,89.43405719903721,86.94350839643548,88.51495463894143,192623200,AAPL
06/25/2020,88.47615814208984,88.51496010857981,86.71313680637758,87.47218408676609,137522400,AAPL
06/26/2020,85.75762939453125,88.59253277701855,85.60969648694928,88.37185083,205256800,AAPL
06/29/2020,87.73406982421875,87.82865098546023,85.18774958467372,85.66548805897895,130646000,AAPL
06/30/2020,88.46643066,88.75259416052774,87.30240160297599,87.32179888035039,140223200,AAPL
07/01/2020,88.29910278320312,89.08724948,88.25060588813794,88.5440369,110737200,AAPL
07/02/2020,88.29910278320312,89.84144910031887,88.18513174947753,89.20608278944812,114041600,AAPL
07/06/2020,90.66112518310547,91.12916130648333,89.69594591770318,89.72747297069945,118655600,AAPL
07/07/2020,90.37982940673828,91.81789246963082,90.26827838855647,91.03944797633464,112424400,AAPL
07/08/2020,92.48477935791016,92.51630641314865,91.26981841791165,91.35712467862727,117092000,AAPL
07/09/2020,92.88249969482422,93.43055984,91.83486890517743,93.37720806711494,125642800,AAPL
07/10/2020,93.04496765136719,93.10317429108636,91.86638865727205,92.47750286894541,90257200,AAPL
07/13/2020,92.61573791503906,96.95903395,92.40233082748179,94.34965940036575,191649200,AAPL
07/14/2020,94.14837646484375,94.33995142456507,91.06369102,91.99733587271359,170989200,AAPL
07/15/2020,94.79586791992188,96.27273284060122,93.59788423,96.02295123465481,153198000,AAPL
07/16/2020,93.62940216064453,94.48545043557607,93.03041037162107,93.66820411710265,110577600,AAPL
07/17/2020,93.44026947021484,94.23569126,92.96737837668047,94.08049080295564,92186800,AAPL
07/20/2020,95.40942383,95.54765444448357,93.18321375708835,93.52757658018402,90318000,AAPL
07/21/2020,94.09258270263672,96.27514261068757,93.84280114252175,96.19996614,103433200,AAPL
07/22/2020,94.35692596435547,95.03836916,93.70700981931506,93.79430867429807,89001600,AAPL
07/23/2020,90.06215668,94.16779411831395,89.25218503222052,94.09019018328048,197004400,AAPL
07/24/2020,89.83902740478516,90.18339017,86.47303332227233,88.26031386604993,185438800,AAPL
07/27/2020,91.96821594238281,92.06036965,90.67808623992391,90.90118820470421,121214000,AAPL
07/28/2020,90.45742035,91.71603062810593,90.45256547899412,91.53899808495447,103625600,AAPL
07/29/2020,92.19133758544922,92.37564502,90.90362774541741,90.94000226618061,90329200,AAPL
07/30/2020,93.30689239501953,93.41116851340877,90.95700157,91.36441110716558,158130000,AAPL
07/31/2020,103.0750503540039,103.22540332463862,97.80294963723614,99.80120988768464,374336800,AAPL
08/03/2020,105.67227935791016,108.29134838170961,104.6586032735747,104.95688173530395,308151200,AAPL
08/04/2020,106.37799072265625,107.46927088099201,105.13877762781757,105.8614502635959,173071600,AAPL
08/05/2020,106.7635498046875,107.08366035029064,105.6334679578513,106.09908396970272,121776800,AAPL
08/06/2020,110.48846435546875,110.98318005233068,106.5065088,107.0957983,202428800,AAPL
08/07/2020,107.97643280029297,110.46660808616394,107.17957700537667,110.0098723,198045600,AAPL
08/10/2020,109.54585266113281,110.56378836086954,106.89533339122227,109.4219488794754,212403600,AAPL
08/11/2020,106.28794860839844,109.30773928891549,106.02799687471348,108.8097072953454,187902400,AAPL
08/12/2020,109.82036590576172,110.07788585431382,107.18442302937045,107.37877518954045,165598000,AAPL
08/13/2020,111.76392364501953,112.7672832263659,110.71197231378294,111.20029196815734,210082000,AAPL
08/14/2020,111.66434478759766,111.75423287561725,109.85440913735687,111.58903274552384,165565200,AAPL
08/17/2020,111.3728027,112.81103430343862,110.7460105520112,112.78673842355069,119561600,AAPL
08/18/2020,112.30084991455078,112.72600186122567,110.78973812752103,111.12500199172021,105633600,AAPL
08/19/2020,112.44174194335938,113.85567747183467,112.34699766084464,112.70898176363043,145538000,AAPL
08/20/2020,114.9367676,115.05095151464681,112.46602470234885,112.48303255575973,126907200,AAPL
08/21/2020,120.85974884033203,121.34320488803218,115.88425449002158,115.89639872088485,338054800,AAPL
08/24/2020,122.30526733398438,125.15014624205317,120.4394596328143,125.06510696520752,345937600,AAPL
08/25/2020,121.3019027709961,121.64688641801345,119.57943117585931,121.1780064067377,211495600,AAPL
08/26/2020,122.95148468017578,123.40822042524167,121.55212536151603,122.6186527038837,163022400,AAPL
08/27/2020,121.48167419433594,123.8868174078926,120.33740304612243,123.55398543919013,155552400,AAPL
08/28/2020,121.28491973876953,122.87376795038361,121.06140802616056,122.45590402911932,187630000,AAPL
08/31/2020,125.3979492,127.30263641002203,122.44375715773111,123.97916478082978,225702700,AAPL
09/01/2020,130.39285278320312,130.99536378403553,126.84587750534726,129.01293310588505,151948100,AAPL
09/02/2020,127.69131469726562,134.0856002645823,123.41550776119645,133.70660835355852,200119000,AAPL
09/03/2020,117.4682388305664,125.20357217596391,117.09896674971186,123.32805227415068,257599600,AAPL
09/04/2020,117.5459976196289,120.20866118452791,107.76021579822826,116.68111776737273,332607200,AAPL
09/08/2020,109.63572692871094,115.63158082191183,109.49967893283078,110.73383072804653,231366600,AAPL
09/09/2020,114.00873565673828,115.77736730217215,112.0068798970881,113.95043148169943,176940500,AAPL
09/10/2020,110.28682708740234,117.09897712734502,109.32477117698187,116.9629291163385,182274400,AAPL
09/11/2020,108.8388900756836,111.97772918558881,106.89533846718923,111.33635359603639,180860300,AAPL
09/14/2020,112.10404205322266,112.65795388939479,109.61629870677376,111.48210621661043,140150100,AAPL
09/15/2020,112.27897644042969,115.4761197012607,110.40344885623584,114.99023180291059,184642000,AAPL
09/16/2020,108.96524047851562,112.7260162768132,108.87778419705087,111.97775201716324,154679000,AAPL
09/17/2020,107.22573852539062,109.03324211177724,105.64174663584149,106.62324227263575,178011000,AAPL
09/18/2020,103.82451629638672,107.75049116786684,103.09568449283607,107.2840429654683,287104900,AAPL
09/21/2020,106.97307586669922,107.07997179185173,100.19007789948417,101.58943734580029,195713800,AAPL
09/22/2020,108.65424346923828,109.67461096517128,106.07904368113599,109.49969103484163,183055400,AAPL
09/23/2020,104.09661865234375,108.94577745912319,103.75649121629566,108.46960942834048,150718700,AAPL
09/24/2020,105.16557312011719,107.13827671141094,102.03645401086756,102.20165410941537,167743300,AAPL
09/25/2020,109.1109848022461,109.26647248780473,104.63109780542541,105.36964948370711,149981400,AAPL
09/28/2020,111.71532440185547,112.06516421823142,109.59685325338319,111.76391614848642,137672400,AAPL
09/29/2020,110.86988830566406,112.05545586998878,110.36456819358912,111.31691166111466,99382200,AAPL
09/30/2020,112.54135131835938,113.95043065542163,110.41316739020328,110.57836749432273,142675200,AAPL
10/01/2020,113.49370574951172,114.39745761315729,112.56080179575848,114.3197137634958,116120400,AAPL
10/02/2020,109.8301010131836,112.1137801442832,109.05268479784137,109.70377282438155,144712000,AAPL
10/05/2020,113.21187591552734,113.35764376217921,110.34514039230349,110.69498025864371,106243800,AAPL
10/06/2020,109.96613311767578,112.84258807364455,109.08181374151268,112.43443667707562,161498200,AAPL
10/07/2020,111.83196258544922,112.28869840481383,110.90877111263151,111.3849466001731,96849000,AAPL
10/08/2020,111.72505950927734,113.11469913263745,111.35577997813651,112.96893128687452,83477200,AAPL
10/09/2020,113.66860961914062,113.69776170512303,111.67646638432409,112.02630624423392,100506900,AAPL
10/12/2020,120.88890075683594,121.64688463034302,115.91340641347355,116.67139028698064,240226800,AAPL
10/13/2020,117.68203735351562,121.85095605169045,116.27296553538521,121.73434029707663,262330500,AAPL
10/14/2020,117.76950073242188,119.55756448106015,116.24381316344193,117.58486097492064,150712000,AAPL
10/15/2020,117.30305480957031,117.77922287109193,114.81531115779593,115.36922306195072,112559200,AAPL
10/16/2020,115.6607437133789,118.11934252939484,115.45667170048786,117.85695893134891,115393800,AAPL
10/19/2020,112.70655059814453,117.02122972774796,112.39558266615455,116.57421378889114,120639300,AAPL
10/20/2020,114.19337463378906,115.62188622477068,112.36643141199016,112.92034331318091,124423700,AAPL
10/21/2020,113.57144165039062,115.35950558309032,113.16329017526478,113.37708203983998,89946000,AAPL
10/22/2020,112.48304748535156,114.70841493004065,111.35578401227829,114.13506335968486,101988000,AAPL
10/23/2020,111.79309844970703,113.26048210870782,111.05454670282388,113.10499440870647,82572600,AAPL
10/26/2020,111.80279541015625,113.26045893616059,109.69403654118432,110.79214780910604,111850700,AAPL
10/27/2020,113.30903625488281,113.96984397564445,111.3071808423077,112.23036471931515,92276800,AAPL
10/28/2020,108.06147766113281,112.17209300111841,107.96430155345347,111.80282082631223,143937800,AAPL
10/29/2020,112.06517791748047,113.62973745029149,109.0332349429399,109.19844245324492,146129200,AAPL
10/30/2020,105.78752136230469,108.82917715371961,104.6796974682271,107.92542530180775,190272600,AAPL
11/02/2020,105.7000503540039,107.55614568812253,104.29097841162539,106.03045798084733,122866900,AAPL
11/03/2020,107.32291412353516,108.34327419283329,105.6611785129121,106.56493023946784,107624400,AAPL
11/04/2020,111.70562744140625,112.32756337251364,109.17901179452487,110.91849140042434,138235500,AAPL
11/05/2020,115.67047119140625,116.24382276328363,113.57143933861293,114.62095155797914,126387100,AAPL
11/06/2020,115.53905487060547,116.03551019200556,113.04701195376393,115.1788748490344,114457900,AAPL
11/09/2020,113.23197937011719,118.7514525250263,112.96915049805817,117.3010105733885,154515300,AAPL
11/10/2020,112.89127349853516,114.46826159817878,111.10011726051921,112.48242528209808,138023400,AAPL
11/11/2020,116.31779479980469,116.45407750604251,113.34877021179467,114.07885932100459,112295000,AAPL
11/12/2020,116.04522705078125,117.33018356004432,115.42221828428099,116.44434598733471,103162300,AAPL
11/13/2020,116.09391784667969,116.49302940870272,114.74081980829087,116.2691395,81581900,AAPL
11/16/2020,117.1063232421875,117.77800032814827,115.01339915844956,115.76295421656155,91183000,AAPL
11/17/2020,116.22046661376953,117.46648433849896,115.80188183810091,116.37622254278644,74271000,AAPL
11/18/2020,114.89657592773438,116.63905646851767,114.86737354648494,115.46118005472933,76322100,AAPL
11/19/2020,115.49038696289062,115.89923517011198,113.70896736833065,114.46825901798518,74113000,AAPL
11/20/2020,114.22490692138672,115.61694422200075,114.1762388,115.49039807716413,73604300,AAPL
11/23/2020,110.82754516601562,114.49746457209459,110.73020141936897,114.06914317462709,127959300,AAPL
11/24/2020,112.11250305175781,112.77445093316165,109.6009942581799,110.88595846342133,113874200,AAPL
11/25/2020,112.94967651367188,113.65056340347142,112.11250688717266,112.4824235383736,76499200,AAPL
11/27/2020,113.49479675292969,114.37090528252364,113.13462416571154,113.47533097531714,46691300,AAPL
11/30/2020,115.8895034790039,117.75853018018704,113.70896490077166,113.86472083929621,169410200,AAPL
12/01/2020,119.46206665039062,120.19215587053868,116.82401182614447,117.79746411967523,127728200,AAPL
12/02/2020,119.8125,120.09480203261869,117.68063727975765,118.78063560532624,89004200,AAPL
12/03/2020,119.67623138427734,120.49392777356492,118.96560791819012,120.24082808918226,78967600,AAPL
12/04/2020,119.00455474853516,119.5983613009378,118.29393123559595,119.34526159986807,78260400,AAPL
12/07/2020,120.46471405029297,121.2629445857138,119.00453569816821,119.06294045566084,86712000,AAPL
12/08/2020,121.0780029296875,121.66208029231422,119.82224848300353,121.06827375333532,82225500,AAPL
12/09/2020,118.54703521728516,122.60633005014087,117.7877435,121.22402938804677,115089200,AAPL
12/10/2020,119.96825408935547,120.58153376453309,116.96029017970807,117.30099698433379,81312200,AAPL
12/11/2020,119.1603012084961,119.50100803270227,117.34967931202699,119.17976698694284,86939800,AAPL
12/14/2020,118.54703521728516,120.0753552286095,118.31340871462832,119.34526590931088,79184500,AAPL
12/15/2020,124.48506164550781,124.5045348480724,120.83461598397432,121.03904004979812,157243700,AAPL
12/16/2020,124.41695404052734,124.9620850306005,123.20013848993348,124.02757900581949,98208600,AAPL
12/17/2020,125.2833023071289,126.1399450451197,124.64082025363582,125.47798978748065,94359800,AAPL
12/18/2020,123.2974853515625,125.67271159961813,122.77182016091811,125.53642885687911,192541500,AAPL
12/21/2020,124.82579040527344,124.90366837554562,120.17268937086521,121.70100925990957,121251600,AAPL
12/22/2020,128.37892150878906,130.84175516574334,126.20811172127088,128.1160851725901,168904800,AAPL
12/23/2020,127.48335266113281,128.91431424621467,127.30812347796113,128.65149275201784,88223700,AAPL
12/24/2020,128.46652221679688,129.91697172820207,127.61962333055864,127.83378405985889,54930100,AAPL
12/28/2020,133.06121826171875,133.69395641508856,129.96563173528466,130.43289960768968,124486200,AAPL
12/29/2020,131.2895050048828,135.10543618196706,130.77357648181422,134.38509099699746,121047300,AAPL
12/30/2020,130.17001342773438,132.37975381009915,129.8585016321147,131.98063489209892,96452100,AAPL
12/31/2020,129.16738891601562,131.16296911492586,128.2231389904879,130.5204870277971,99116600,AAPL
01/04/2021,125.97447967529297,130.0629768178639,123.39482930890424,129.97536966603926,143301900,AAPL
01/05/2021,127.53199768066406,128.24262865019975,125.02048862539876,125.46828327943898,97664900,AAPL
01/06/2021,123.23905944824219,127.57092663069263,123.02489875437408,124.32932869572905,155088000,AAPL
01/07/2021,127.44437408447266,128.1355317571745,124.46561240551398,124.95233855838183,109578200,AAPL
01/08/2021,128.5443878173828,129.10899197173987,126.77269738263777,128.91428961570313,105158200,AAPL
01/11/2021,125.5558853149414,126.71429603758807,125.08863232599059,125.76031685281629,100384500,AAPL
01/12/2021,125.38068389892578,126.24705602237135,123.49218368847659,125.0886452,91951100,AAPL
01/13/2021,127.41516876220703,127.96029966424209,125.07888922385592,125.34171064567087,88636800,AAPL
01/14/2021,125.48774719238281,127.52225905827079,125.34172042627678,127.32757155716695,90221800,AAPL
01/15/2021,123.76473999023438,126.7629752239917,123.62845724568655,125.36120136366826,111598500,AAPL
01/19/2021,124.43641662597656,125.29305945365387,123.5700446,124.38774103736687,90757300,AAPL
01/20/2021,128.52487182617188,128.97266630080327,125.13726288144076,125.24434320013309,104319500,AAPL
01/21/2021,133.23638916015625,135.96205811290383,130.04346734095793,130.24789882523683,120150900,AAPL
01/22/2021,135.37803649902344,136.1373282057296,131.43555118884584,132.66209590266996,114459400,AAPL
01/25/2021,139.1258087158203,141.23819854253642,132.9151779412319,139.2718354812106,157611700,AAPL
01/26/2021,139.3594207763672,140.46915569228537,137.6169330170498,139.7877421,98390600,AAPL
01/27/2021,138.28858947753906,140.46912731644642,136.6823996104918,139.62221397143526,140843800,AAPL
01/28/2021,133.45054626464844,138.2204705183577,133.07090053569834,135.8160426,142621100,AAPL
01/29/2021,128.4567871,133.10988846080656,126.7532453845792,132.22404319902353,177523800,AAPL
02/01/2021,130.57888793945312,131.7859741111612,127.45409959233686,130.19924214528973,106239800,AAPL
02/02/2021,131.40631103515625,132.69126014883398,131.03639446508643,132.12665611956461,83305400,AAPL
02/03/2021,130.38418579101562,132.16560504134387,130.06294479305137,132.15586101329262,89880900,AAPL
02/04/2021,133.7425994873047,133.75232866214105,131.01693030921246,132.68154013575978,84183100,AAPL
02/05/2021,133.32823181152344,133.9716737886564,132.4508217524478,133.90343805672157,75693800,AAPL
02/08/2021,133.47450256347656,133.52325088194496,131.53443254526087,132.6165797613071,71297200,AAPL
02/09/2021,132.59706115722656,134.4201468877061,132.44108738356064,133.1917548672735,76774200,AAPL
02/10/2021,131.99264526367188,133.5525022619222,131.0274820724659,133.05529021983176,73046600,AAPL
02/11/2021,131.7391815185547,132.9675589258699,130.4133074654321,132.4898491628531,64280000,AAPL
02/12/2021,131.9731445,132.1291332081116,130.33530805190028,130.9787501870301,60145100,AAPL
02/16/2021,129.84783935546875,132.59706880200096,129.45786770907952,132.0901279755408,80576300,AAPL
02/17/2021,127.55680847167969,128.9021846827299,126.22119084968794,127.95652384973054,97918500,AAPL
02/18/2021,126.4552001953125,126.73791669485071,124.21291100168493,125.95798807847142,96856700,AAPL
02/19/2021,126.61117553710938,127.43010877587982,125.5680327149572,126.9719012661051,87668800,AAPL
02/22/2021,122.8382797241211,126.46493488700048,122.44831544375612,124.79783740249141,103916400,AAPL
02/23/2021,122.70178985595703,123.53045927947294,115.41923371769597,120.65448673963841,158273000,AAPL
02/24/2021,122.20457458496094,122.40930413496974,119.16286991288813,121.80486663626253,111039900,AAPL
02/25/2021,117.95399475097656,123.28673718148006,117.51528958023444,121.55140392768223,148199500,AAPL
02/26/2021,118.21722412109375,121.71713665773981,118.15872464367439,119.51384476967971,164560400,AAPL
03/01/2021,124.5833511352539,124.7198375,119.7088167333954,120.64472644599832,116307900,AAPL
03/02/2021,121.9803466796875,125.49000982131201,121.87310633209226,125.18779108060667,102260900,AAPL
03/03/2021,118.99713897705078,122.55555080343935,118.78265825970878,121.67813306792647,112966300,AAPL
03/04/2021,117.11556243896484,120.49849054949536,115.64345838509743,118.69491428410296,178155000,AAPL
03/05/2021,118.37319946289062,118.88015523948293,114.61980921267136,117.9442454649468,153766600,AAPL
03/08/2021,113.44017791748047,117.96374575469044,113.29394038143423,117.89550256292887,154376600,AAPL
03/09/2021,118.0514907836914,118.99715180961525,115.80920903774101,116.04318464645965,129525800,AAPL
03/10/2021,116.96935272216797,119.10439413289247,116.4526457307637,118.63644290778187,111943300,AAPL
03/11/2021,118.8996582,120.11829196722469,118.21722627040926,119.4651060547753,103026500,AAPL
03/12/2021,117.99299621582031,118.1294826044811,116.1699248367297,117.3788074668468,88105100,AAPL
03/15/2021,120.87871551513672,120.88846666765528,117.39829786101335,118.36346113570012,92403800,AAPL
03/16/2021,122.41908264160156,124.02768082306405,121.59041310507568,122.54581788527467,115227900,AAPL
03/17/2021,121.62940216064453,122.70179839737172,119.27012151430435,120.93721906750288,111932600,AAPL
03/18/2021,117.50554656982422,120.08905176241495,117.30081698009522,119.79657666968748,121229700,AAPL
03/19/2021,116.97908020019531,118.38294855656439,116.67686143267959,116.89134214689703,185549500,AAPL
03/22/2021,120.29376220703125,120.76172079332808,117.24230627726561,117.31054946298083,111912300,AAPL
03/23/2021,119.4650879,121.12242658262932,119.07512365781542,120.2352652049879,95467100,AAPL
03/24/2021,117.0765609741211,119.8160543,117.05706610966415,119.73805996841114,88530500,AAPL
03/25/2021,117.56403350830078,118.6071911560223,116.01393492282537,116.54038560410483,98844700,AAPL
03/26/2021,118.1684799194336,118.4317089821302,115.93594193373995,117.33005928068575,94071200,AAPL
03/29/2021,118.34394836425781,119.50408995901205,117.70051367598907,118.59742624167248,80819200,AAPL
03/30/2021,116.89134216308594,117.37879562712054,115.87743806534003,117.09607172542653,85671900,AAPL
03/31/2021,119.08488464355469,120.42050239594532,118.10997769999379,118.59743117177423,118323800,AAPL
04/01/2021,119.91355895996094,121.06394949790783,119.41635431579364,120.5570011392304,75089100,AAPL
04/05/2021,122.74079132080078,122.99426922039768,119.98180275866349,120.76173132452315,88651200,AAPL
04/06/2021,123.04299926757812,123.93991183273825,122.49705378234141,123.32572316184695,80171300,AAPL
04/07/2021,124.69060516357422,124.71010003062226,121.99985979599343,122.67254799737614,83466700,AAPL
04/08/2021,127.0888900756836,127.1181360985941,125.2950645829636,125.7142674952822,88844600,AAPL
04/09/2021,129.66261291503906,129.70160264420477,126.22119287511026,126.54291392534559,106686700,AAPL
04/12/2021,127.94679260253906,129.5163933763926,127.35209877205047,129.19467229997423,91420000,AAPL
04/13/2021,131.05673217773438,131.28097148351077,128.61946483937675,129.11667689697725,91266500,AAPL
04/14/2021,128.7169952392578,131.61247078663607,128.35628433887234,131.55397873531984,87222800,AAPL
04/15/2021,131.12501525878906,131.6124688471117,130.2865945,130.4620855191037,89347100,AAPL
04/16/2021,130.7935333251953,131.29073056509336,129.93561036138595,130.93001971708307,84922400,AAPL
04/19/2021,131.45643615722656,132.07063223335706,129.99407588140957,130.1598082608944,94264200,AAPL
04/20/2021,129.7698516845703,132.12912448166279,128.5024698015972,131.63192734239016,94812300,AAPL
04/21/2021,130.1500701904297,130.39379691363274,128.00527800142257,129.0386769276597,68847100,AAPL
04/22/2021,128.62924194335938,130.7837782500738,128.11254238332913,129.70163080104982,84566500,AAPL
04/23/2021,130.9495391845703,131.72945302562363,128.84373611155925,128.84373611155925,78657500,AAPL
04/26/2021,131.3394775390625,131.67094236224486,130.20858180313348,131.44671790843336,66905100,AAPL
04/27/2021,131.0177459716797,132.01215523774303,130.7447732125093,131.62218352757128,66015800,AAPL
04/28/2021,130.2280273,131.63189524870552,129.74057403652344,130.93970500705032,107760100,AAPL
04/29/2021,130.13058471679688,133.63051222031285,129.12643167740748,133.04556205861587,151101000,AAPL
04/30/2021,128.16128540039062,130.2085812488916,127.78107225167611,128.4732479162047,109839500,AAPL
05/03/2021,129.21414184570312,130.7057629484472,128.52196634221076,128.7266884414814,75135100,AAPL
05/04/2021,124.64186096191406,128.19052935599137,123.52071640184118,127.89805427494618,137564700,AAPL
05/05/2021,124.88557434082031,127.17659652939219,124.75883168911403,125.9579629580567,84000900,AAPL
05/06/2021,126.48445129394531,126.49419500952703,123.9399357544084,124.6808672259151,78128300,AAPL
05/07/2021,127.15824890136719,128.1836279216994,126.44534732764843,127.78324849809151,78973300,AAPL
05/10/2021,123.87699890136719,126.50394796231055,123.83793549239249,126.3770049216638,88071200,AAPL
05/11/2021,122.95905303955078,123.31060887111242,119.89263831181255,120.60553259243801,126142800,AAPL
05/12/2021,119.89263153076172,121.71880695136791,119.38482206893003,120.50787096501224,112172300,AAPL
05/13/2021,122.04106140136719,123.1934058703671,121.34770266713772,121.66020248327753,105861300,AAPL
05/14/2021,124.46292877197266,124.8926187981441,122.90042974578068,123.29105636497444,81918000,AAPL
05/17/2021,123.31059265136719,123.95512773405065,122.23637496414497,123.84770522027007,74244600,AAPL
05/18/2021,121.92388916015625,124.01373338582823,121.8555300481234,123.5938109974595,63342900,AAPL
05/19/2021,121.76763153076172,121.99223682754793,119.9805196188087,120.27349147179841,92612000,AAPL
05/20/2021,124.32621765136719,124.72661200774762,122.16801458440843,122.29497252696002,76857100,AAPL
05/21/2021,122.49029541015625,125.00006198160735,122.27545036153188,124.82428034642234,79295400,AAPL
05/24/2021,124.12114715576172,124.94146389287052,122.98833802904868,123.05669713625909,63092900,AAPL
05/25/2021,123.92584228515625,125.31256736390405,123.35943397486378,124.82427842870585,72009500,AAPL
05/26/2021,123.87699890136719,124.40434374665045,123.45707656811848,123.98442141340175,56575900,AAPL
05/27/2021,122.34379577636719,124.64848475719648,122.14848618161899,123.47661228754039,94625600,AAPL
05/28/2021,121.68952178955078,122.85163419877819,121.63093039096276,122.62702141988285,71311100,AAPL
06/01/2021,121.36724090576172,122.41216295280358,121.0352130826755,122.14849423744593,67637100,AAPL
06/02/2021,122.12894439697266,122.30472600333286,121.14262130905783,121.36722658627286,59278900,AAPL
06/03/2021,120.64458465576172,121.92387970340114,120.2441902802076,121.75786579428137,76229200,AAPL
06/04/2021,122.93950653076172,123.20318269390796,120.94731726161271,121.16216229807738,75169300,AAPL
06/07/2021,122.94927978515625,123.35943444565716,121.90435770211774,123.21294850959707,71057600,AAPL
06/08/2021,123.76959228515625,125.44928928445928,123.25201508828968,123.6328740614777,74403800,AAPL
06/09/2021,124.15043640136719,124.75590806990476,123.55473244780471,124.22856322000109,56877900,AAPL
06/10/2021,123.15435028076172,125.18560293992083,122.98833637271277,124.04301866252895,71186400,AAPL
06/11/2021,124.36528778076172,124.45318231886102,123.14458411693292,123.56450647531338,53522400,AAPL
06/14/2021,127.42192840576172,127.4805197980516,124.09185265030386,124.82427485626314,96906500,AAPL
06/15/2021,126.60160064697266,127.53910749038236,126.35745994725994,126.89457246686105,62746300,AAPL
06/16/2021,127.09967041015625,127.82233240549729,125.44929143219892,127.31451546549631,91815000,AAPL
06/17/2021,128.70118713378906,129.44338429633723,126.61134362559974,126.7578369661276,96721700,AAPL
06/18/2021,127.40239715576172,128.42777623689193,127.18755213466459,127.64653787053875,108953300,AAPL
06/21/2021,129.19927978515625,129.30670230447237,126.18170388050524,127.24615390753081,79663300,AAPL
06/22/2021,130.83990478515625,130.93756704429327,128.53521554050778,129.03327220047046,74783600,AAPL
06/23/2021,130.5664520263672,131.1719311,130.10746628787817,130.63481857945425,60214200,AAPL
06/24/2021,130.28326416015625,131.4844323925828,129.81450322458238,131.2988830515641,68711000,AAPL
06/25/2021,129.9902801513672,130.7519979740222,129.69730831930764,130.33208310563106,70783700,AAPL
06/28/2021,131.6211395263672,132.08012525724726,130.22466180559726,130.28325319231956,62111300,AAPL
06/29/2021,133.1348114013672,133.29106502927266,131.20122118482706,131.6406714747908,64556100,AAPL
06/30/2021,133.7500762939453,134.18952666784298,132.6856112890496,132.9785831720377,63261400,AAPL
07/01/2021,134.0527801513672,134.11137153536558,132.5781607819675,133.39848486144226,52485800,AAPL
07/02/2021,136.6797637939453,136.71881975736173,134.52155301126126,134.66803150053377,78852600,AAPL
07/06/2021,138.69146728515625,139.79497322979873,136.78717260963688,136.78717260963688,108181800,AAPL
07/07/2021,141.1817169189453,141.49420932337944,139.31647805419703,140.17584334226723,104911600,AAPL
07/08/2021,139.8828887939453,140.68366270138483,137.37311474377276,138.2617906456667,105575500,AAPL
07/09/2021,141.70904541015625,142.2363828285555,139.30669407903906,139.4043563311566,99890800,AAPL
07/12/2021,141.11331176757812,142.8906630545107,140.62503041198096,142.78324056023274,76299700,AAPL
07/13/2021,142.22662353515625,144.00397520789517,140.2637374239949,140.65435663279786,100827100,AAPL
07/14/2021,145.65435791015625,146.06452746184092,144.2188092,144.62897873444868,127050800,AAPL
07/15/2021,145.00003051757812,146.4844100450272,143.6426089138741,145.74222773188504,106820300,AAPL
07/16/2021,142.9590606689453,146.25007329563246,142.46101889049345,144.98055328375486,93251400,AAPL
07/19/2021,139.1113739013672,140.69341583864048,138.3496560764886,140.38090857655365,121434600,AAPL
07/20/2021,142.7246856689453,143.6524324995489,139.60946201556987,140.09774354697396,96350000,AAPL
07/21/2021,141.99224853515625,142.7051502253578,141.24030578420624,142.11920648842988,74993500,AAPL
07/22/2021,143.35943603515625,144.72661812834664,142.39263340422124,142.5195913490058,77338200,AAPL
07/23/2021,145.07815551757812,145.23440912929303,143.47659325041192,144.09183253331145,71447400,AAPL
07/26/2021,145.49810791015625,146.31841714774572,144.2383334584889,144.7949814490319,72434100,AAPL
07/27/2021,143.33016967773438,145.71298601459037,142.13876150930636,145.6250840111189,104818600,AAPL
07/28/2021,141.5821075439453,143.52547338784896,139.19929130551824,141.41609361273288,118931200,AAPL
07/29/2021,142.22662353515625,143.1152993715257,141.1914692207776,141.29889173837356,56699500,AAPL
07/30/2021,142.4414520263672,142.90043773904355,140.73246710930246,140.99614324026174,70440600,AAPL
08/02/2021,142.1094512939453,143.50592922511103,141.84577511280253,142.9297606339798,62880000,AAPL
08/03/2021,143.9062957763672,144.5703513322944,141.77738110937673,142.39262044590672,64786600,AAPL
08/04/2021,143.50588989257812,144.3261990077798,142.85159465298884,143.8183971180824,56368300,AAPL
08/05/2021,143.61337280273438,144.37509085887814,142.7442322052795,143.53524596349257,46397700,AAPL
08/06/2021,142.92872619628906,143.87741265764788,142.42993828378326,143.1341182329051,54126800,AAPL
08/09/2021,142.87986755371094,143.47646423109828,142.32240028793802,142.98745105040368,48908700,AAPL
08/10/2021,142.40061950683594,144.46425536863836,142.10720866457348,143.2221579263746,69023100,AAPL
08/11/2021,142.6548614501953,143.49596433929045,142.33211110540972,142.84068876296502,48493500,AAPL
08/12/2021,145.61827087402344,145.77475859452443,142.63528899224403,142.97760401540364,72282600,AAPL
08/13/2021,145.8236846923828,146.15620995558572,145.01192130974562,145.69653653501413,59375000,AAPL
08/16/2021,147.7992706298828,147.8677396068058,143.25145612128088,145.27596199320675,103296000,AAPL
08/17/2021,146.88973999023438,148.34698930481986,145.8139053280962,146.92885446726953,92229700,AAPL
08/18/2021,143.1439208984375,147.40811589626918,142.93852882196452,146.5083335,86326000,AAPL
08/19/2021,143.47640991210938,144.74784668525945,141.32475571635126,141.8431082977637,86960300,AAPL
08/20/2021,144.93368530273438,145.23687099584217,143.55466496618592,144.2001657522503,60549600,AAPL
08/23/2021,146.42027282714844,146.8897211086949,144.6402584192349,145.05102753102452,60131800,AAPL
08/24/2021,146.33229064941406,147.54504863734496,145.8726170932183,146.1660279687577,48606400,AAPL
08/25/2021,145.09991455078125,147.01685176789556,144.5522224668886,146.51804903732258,58991300,AAPL
08/26/2021,144.2979736328125,145.84325676235127,144.2686340417797,145.09018736118287,48597200,AAPL
08/27/2021,145.33468627929688,145.48138422676655,143.60357588168407,144.23928688537814,55802400,AAPL
08/30/2021,149.75534057617188,150.11722035437248,145.3444486,145.7258781178275,90956700,AAPL
08/31/2021,148.49368286132812,149.44236923362013,147.96554048732443,149.3054461965621,86453100,AAPL
09/01/2021,149.15875244140625,151.57447805860386,148.99248979823196,149.47172795102404,80313700,AAPL
09/02/2021,150.27371215820312,151.32020730323478,149.05117946923792,150.48887910534057,71115500,AAPL
09/03/2021,150.90940856933594,151.2321589268622,149.72599059173956,150.38126619393228,57808700,AAPL
09/07/2021,153.2469024658203,153.8043695479327,150.99743959102315,151.56469648456283,82278300,AAPL
09/08/2021,151.70159912109375,153.58918195944025,150.59642507001544,153.53050279274424,74420200,AAPL
09/09/2021,150.6844940185547,152.67966077073964,150.56712073419473,152.07328934160887,57305700,AAPL
09/10/2021,145.69651794433594,152.06346111215902,145.43244677560867,151.59401286380336,140893200,AAPL
09/13/2021,146.26380920410156,148.09271327265083,145.48138532354497,147.32007920432878,102404300,AAPL
09/14/2021,144.8651885986328,147.7503768839939,143.68178564075433,147.0461970563759,109296300,AAPL
09/15/2021,145.7552032470703,146.15619746026422,143.15365068997156,145.29552986579753,83281300,AAPL
09/16/2021,145.52049255371094,145.69654500672686,143.98499938228917,145.1781923829195,68034100,AAPL
09/17/2021,142.85044860839844,145.5498094174723,142.55703787826133,145.5498094174723,129868800,AAPL
09/20/2021,139.7990264892578,141.65726975585443,138.1657250042302,140.64012937196273,123478900,AAPL
09/21/2021,140.27825927734375,141.42256280767091,139.6425484,140.7672722677942,75834000,AAPL
09/22/2021,142.6450958251953,143.21233776359767,140.54233100418216,141.27585049264187,76404300,AAPL
09/23/2021,143.60357666015625,143.84808318959392,142.43972319227385,143.42752419874412,64838200,AAPL
09/24/2021,143.6915740966797,144.22949136628228,142.36145817706782,142.45926674371992,53477900,AAPL
09/27/2021,142.1756591796875,142.75270596031078,140.65973055901063,142.27346776582567,74150700,AAPL
09/28/2021,138.7917022705078,141.56929310981445,138.57653531162535,140.1022538,108972300,AAPL
09/29/2021,139.6914825439453,141.2758801966286,138.90905860704783,139.3393925185162,74602000,AAPL
09/30/2021,138.3907012939453,141.20742140322028,138.17553434540375,140.50324137590155,89056700,AAPL
10/01/2021,139.51539611816406,139.77946730384753,136.0531908135578,138.7818766539813,94639600,AAPL
10/04/2021,136.08253479003906,139.08508172360442,135.23165695964403,138.64495809209728,98322000,AAPL
10/05/2021,138.00926208496094,139.11443634160335,136.29771642835235,136.42486459550415,80861100,AAPL
10/06/2021,138.8797149658203,139.02641292068202,135.32947522321794,136.40530997052016,83221100,AAPL
10/07/2021,140.14134216308594,141.0509141240026,139.5838750906148,139.91640035654444,61732700,AAPL
10/08/2021,139.7599639892578,141.0118365640769,139.42743860108672,140.8651385762068,58773200,AAPL
10/11/2021,139.67189025878906,141.62794225299882,138.69386426168418,139.14376278668908,64452200,AAPL
10/12/2021,138.40048217773438,140.1022531380476,137.94080866989395,140.08268843547052,73035900,AAPL
10/13/2021,137.8136749267578,138.29289821199288,136.14124356444967,138.1364253624136,78762700,AAPL
10/14/2021,140.60104370117188,140.71841699528724,138.40048471107957,138.98730641116916,69907100,AAPL
10/15/2021,141.6573028564453,141.71598203721894,140.3565262964831,140.61082264449493,67940300,AAPL
10/18/2021,143.32969665527344,143.61331759603044,140.01418949688554,140.29781043764254,85589200,AAPL
10/19/2021,145.49114990234375,145.8921441646938,143.32972068785898,143.77960431394027,76378900,AAPL
10/20/2021,145.98013305664062,146.4593710957878,144.8651841841365,145.43244096818108,58418800,AAPL
10/21/2021,146.19534301757812,146.35183078139093,144.62072033751141,145.54006729554342,61421000,AAPL
10/22/2021,145.42269897460938,146.8799483,145.37379468633046,146.40072504621372,58883400,AAPL
10/25/2021,145.37376403808594,146.08771874126032,144.37617347678713,145.4128785063667,50720600,AAPL
10/26/2021,146.03887939453125,147.5254684740955,145.73567873669694,146.04865428407604,60893400,AAPL
10/27/2021,145.5791778564453,146.43983059903536,145.22708789518356,146.07796575011088,56094900,AAPL
10/28/2021,149.2174530029297,149.80425972363017,146.43007257824578,146.5278811601097,100077900,AAPL
10/29/2021,146.5083008,146.6452238271108,143.19279317037723,143.98499185882136,124953200,AAPL
11/01/2021,145.68675231933594,146.4104819724985,144.5522386338212,145.71609190400514,74588300,AAPL
11/02/2021,146.7234649658203,148.23940825327995,145.38355919540496,145.39334900645795,69122000,AAPL
11/03/2021,148.16116333007812,148.63061162902127,146.52786170952203,147.0853287663622,54511500,AAPL
11/04/2021,147.64280700683594,149.08049145321388,147.32983153314007,148.24917833275668,60394600,AAPL
11/05/2021,148.17172241210938,149.07281782729038,146.97678796158638,148.76918963737086,65463900,AAPL
11/08/2021,147.34898376464844,148.45577097835087,147.07473798616405,148.29905483485294,55020900,AAPL
11/09/2021,147.71136474609375,148.31862107112684,146.9767746966739,147.1138975747547,56787900,AAPL
11/10/2021,144.8807830810547,147.04538223791627,144.81222909664123,146.93764173788648,65187100,AAPL
11/11/2021,144.83177185058594,146.35971678839883,144.64567331029048,145.89938743250096,41000000,AAPL
11/12/2021,146.90821838378906,147.3097829126506,144.44978082602336,145.3802585513719,63804000,AAPL
11/15/2021,146.91799926757812,148.75937630755206,146.3597036966309,147.28039221661786,59222800,AAPL
11/16/2021,147.8974609,148.3773984758072,146.27156473370576,146.85924274203003,59256200,AAPL
11/17/2021,150.3363037109375,151.81527292494047,147.88767027666427,147.89745943010328,88807000,AAPL
11/18/2021,154.6262969970703,155.4098626732955,149.9053395784081,150.5517823821893,137827700,AAPL
11/19/2021,157.25123596191406,157.71158022509883,153.3138293695712,154.41081232255357,117305600,AAPL
11/22/2021,157.7115936279297,162.29542845267346,157.69200037488366,158.3580215257173,117467900,AAPL
11/23/2021,158.0936279296875,158.4756142812209,155.79190571834658,157.8095779826143,96041900,AAPL
11/24/2021,158.61270141601562,158.8085891260157,156.35995538782916,157.44714936539495,69463600,AAPL
11/26/2021,153.58810424804688,157.15331446693773,153.14735315261942,156.29140553118123,76959800,AAPL
11/29/2021,156.94764709472656,157.87812500699889,155.52742744700635,156.09551231703932,88748200,AAPL
11/30/2021,161.90362548828125,162.11910639926788,156.63416221186944,156.70273111321544,174048100,AAPL
12/01/2021,161.38455200195312,166.8009284808444,161.1494777894876,164.03886252915143,152052500,AAPL
12/02/2021,160.39529418945312,160.82625610567675,154.55775990226203,155.47844855141722,136739200,AAPL
12/03/2021,158.51475524902344,161.57066041655554,156.43831855392804,160.64997170977935,118023100,AAPL
12/06/2021,161.92327880859375,164.43067767179699,160.90463867961986,160.91442783547066,107497000,AAPL
12/07/2021,167.66281127929688,168.05460157243954,164.88116745170595,165.60596828506618,120405400,AAPL
12/08/2021,171.4827117919922,172.3446356103418,167.19270089919112,168.59332710400926,116998900,AAPL
12/09/2021,170.9733887,173.11839407886248,170.3465390733042,171.31620335113058,108923700,AAPL
12/10/2021,175.76295471191406,175.93926414066704,171.10076071268392,171.61008079596547,115402700,AAPL
12/13/2021,172.12916564941406,178.38787299583686,171.92347383588933,177.3986153833375,153237000,AAPL
12/14/2021,170.7481231689453,174.08806304841983,168.67168661995763,171.64921855709608,139380400,AAPL
12/15/2021,175.61599731445312,175.81188500506997,168.76961267963995,171.5120851840939,131063300,AAPL
12/16/2021,168.7206573486328,177.41820935643656,167.24168791922142,175.5964252181878,150185800,AAPL
12/17/2021,167.62364196777344,169.90577001560484,166.20343763112896,166.43849686489142,195432700,AAPL
12/20/2021,166.2622528076172,167.07520110962366,164.0193105827762,164.8224548,107499100,AAPL
12/21/2021,169.43568420410156,169.64136109142663,165.64518859679046,168.03505777993055,91185900,AAPL
12/22/2021,172.03121948242188,172.24670045723798,168.61292124127107,169.48463429565436,92135300,AAPL
12/23/2021,172.65806579589844,173.2163614776015,171.66882311821325,172.23690795484498,68356600,AAPL
12/27/2021,176.62481689453125,176.71296410542078,173.4318044894933,173.45138279506557,74919600,AAPL
12/28/2021,175.60621643066406,177.60430999681327,174.86183712980394,176.45835116267244,79144300,AAPL
12/29/2021,175.69436645507812,176.9186832802021,174.4798387842566,175.6453907930184,62348900,AAPL
12/30/2021,174.53860473632812,176.85991961465393,174.4308642572052,175.78251482342475,59773000,AAPL
12/31/2021,173.92153930664062,175.54742051646397,173.61789621276182,174.43084429030958,64062300,AAPL
01/03/2022,178.27029418945312,179.12242874444533,174.0586568508519,174.1761864672901,104487900,AAPL
01/04/2022,176.0077667236328,179.18120100693088,175.43968197842852,178.87757285498617,99310400,AAPL
01/05/2022,171.3260040283203,176.46813489136744,171.05175824457976,175.9196433238863,94537600,AAPL
01/06/2022,168.4659881591797,171.69818743268368,168.1133843303379,169.15160256379613,96904000,AAPL
01/07/2022,168.6324920654297,170.5620164817169,167.5159157741246,169.3376997173353,86709100,AAPL
01/10/2022,168.6520996,168.95572780142643,164.7146923768041,165.60599864366586,106765600,AAPL
01/11/2022,171.4827117919922,171.58064816981238,167.31024547595837,168.77942565072325,76138300,AAPL
01/12/2022,171.9234619140625,173.53955411934612,171.22805833783443,172.50133585944042,74805200,AAPL
01/13/2022,168.6520996,172.9910714162829,168.26030924441002,172.16833406776786,84505800,AAPL
01/14/2022,169.51400756835938,170.20941111487983,167.57467907053888,167.81954242119846,80440800,AAPL
01/18/2022,166.31118774414062,168.99488045377709,165.92920152184269,167.98604466295757,90956700,AAPL
01/19/2022,162.8145294189453,167.56488423888524,162.53049451772475,166.5070728064469,94815000,AAPL
01/20/2022,161.1298828,166.19365539118294,160.80666137829382,163.54913404663756,91420500,AAPL
01/21/2022,159.0730438232422,162.91249968467412,158.9653033,161.04173994454513,122848900,AAPL
01/24/2022,158.2992706298828,158.96530678454897,151.52145417153005,156.73215398969816,162294600,AAPL
01/25/2022,156.49708557128906,159.41585293852967,153.79379917867107,155.7135197495045,115798400,AAPL
01/26/2022,156.4089355,161.01236411791442,154.5773622405594,160.14065107987773,108275300,AAPL
01/27/2022,155.9485626220703,160.47363228871149,155.02787408749768,159.11219273840805,121954600,AAPL
01/28/2022,166.83030700683594,166.8499002604039,159.4550237648548,162.30523687541563,179935700,AAPL
01/31/2022,171.18887329101562,171.4043542462614,166.02714940989443,166.66380312140188,115541600,AAPL
02/01/2022,171.02236938476562,171.2476394960686,168.76962343591478,170.43469133018758,86213900,AAPL
02/02/2022,172.22708129882812,172.26626780396012,169.7686586589768,171.15948068570833,84914300,AAPL
02/03/2022,169.34751892089844,172.61890525422228,168.5835463199836,170.89505737911136,89418100,AAPL
02/04/2022,169.0631103515625,170.7401162961765,167.38610440694853,168.3668057872498,82465400,AAPL
02/07/2022,168.34719848632812,170.59299800892276,167.65089393875687,169.52403712153145,77251200,AAPL
02/08/2022,171.45602416992188,171.96599307785382,168.12163049721661,168.4158439042664,74829200,AAPL
02/09/2022,172.87806701660156,173.24092179937838,171.52469409700683,172.65250985144178,71285000,AAPL
02/10/2022,168.79830932617188,172.09346641687537,168.23931734555768,170.77933021680633,90865900,AAPL
02/11/2022,165.3854522705078,169.73976805864703,164.7970255558841,169.00424214752385,98670700,AAPL
02/14/2022,165.62081909179688,166.30730692089233,163.3455851847236,164.13995074155633,86185500,AAPL
02/15/2022,169.45538330078125,169.61229911156767,166.96440840288716,167.67051458711066,62527400,AAPL
02/16/2022,169.22003173828125,169.99477926994211,166.76827820676257,168.5335437423192,61177400,AAPL
02/17/2022,165.62081909179688,168.5923424525554,165.21872801892943,167.72932063065696,69589300,AAPL
02/18/2022,164.0713348388672,167.24879755806595,162.98275576839345,166.54270637048876,82772700,AAPL
02/22/2022,161.14886474609375,163.47312232621292,159.02072949307376,161.79611631133258,91162800,AAPL
02/23/2022,156.98089599609375,162.9435479364118,156.66706433380475,162.34531942395103,90009200,AAPL
02/24/2022,159.5993652,159.70724299641822,149.0666258865526,149.63543454420616,141147500,AAPL
02/25/2022,161.66860961914062,161.9333881865455,157.76540780776472,160.6780917637284,91974200,AAPL
02/28/2022,161.93341064453125,162.22762405787608,159.29532147992174,159.9131681515143,95056600,AAPL
03/01/2022,160.05043029785156,163.38482330332894,158.84417203107242,161.52148207442062,83474400,AAPL
03/02/2022,163.3456268310547,164.1301909633288,159.80529409089044,161.2175065361206,79724800,AAPL
03/03/2022,163.02198791503906,165.6502754224143,162.35511815252505,165.21876441640376,76678400,AAPL
03/04/2022,160.02105712890625,162.3551314170317,158.97171433702658,161.31559025270195,83737200,AAPL
03/07/2022,156.2257080078125,161.8353202073776,155.9707161123603,160.2073525837716,96418800,AAPL
03/08/2022,154.40159606933594,159.73661287922712,152.79324673379338,155.7549685,131148300,AAPL
03/09/2022,159.80528259277344,160.2564117997747,156.33360638496927,158.36365040568722,91454900,AAPL
03/10/2022,155.46078491210938,157.29469168011647,152.96979505950804,157.10835602606574,105342000,AAPL
03/11/2022,151.74392700195312,156.20612146979485,151.51836986465503,155.86286998599314,96970100,AAPL
03/14/2022,147.71322631835938,151.1456808985897,147.20327241217439,148.5272102,108732100,AAPL
03/15/2022,152.0969696044922,152.56771702935066,147.4778746009712,147.98782853142856,92964300,AAPL
03/16/2022,156.51014709472656,156.91223829679822,151.47915863007114,154.01917189606445,102300200,AAPL
03/17/2022,157.52023315429688,157.89290442537197,154.58794593498652,155.549029,75615400,AAPL
03/18/2022,160.8153839111328,161.30573452736996,156.67682351294607,157.41234943730183,123511700,AAPL
03/21/2022,162.1884002685547,163.13968181166422,159.8641278042269,160.35447849802293,95811400,AAPL
03/22/2022,165.5620117,166.15042355950408,161.7274657879275,162.3158776286816,81532000,AAPL
03/23/2022,166.9251708984375,169.30826781804822,164.41456305995604,164.74801286692667,98062700,AAPL
03/24/2022,170.7106934,170.77933467330854,166.92518550141648,167.75877268098228,90131400,AAPL
03/25/2022,171.34812927246094,171.89731959636083,169.4161465488256,170.52434378661113,80546200,AAPL
03/28/2022,172.21116638183594,172.33864738407132,168.68063546771577,168.84735290472764,90371900,AAPL
03/29/2022,175.50633239746094,175.55535549692144,172.9368845,173.28013598798506,100589400,AAPL
03/30/2022,174.3392791748047,176.14376602591867,173.2899216,175.1042250130881,92633200,AAPL
03/31/2022,171.2402344,174.59423062931046,171.03428054201657,174.4078950100189,103049300,AAPL
04/01/2022,170.94606018066406,171.5050671665747,168.62180263029362,170.67146498333403,78751300,AAPL
04/04/2022,174.99635314941406,175.0453912102986,171.0735477076942,171.20104367313095,76468400,AAPL
04/05/2022,171.68154907226562,174.85902633621265,171.05390090505156,174.07446238611692,73401800,AAPL
04/06/2022,168.51390075683594,170.27916603294383,166.8467115933005,169.0336712319797,89058800,AAPL
04/07/2022,168.81793212890625,170.01438898962488,166.57213259059588,167.85684898260146,77594700,AAPL
04/08/2022,166.8074951171875,168.46488285345913,165.9346714824091,168.46488285345913,76575500,AAPL
04/11/2022,162.55123901367188,165.76793805160875,162.3060637,165.4541214198734,72246700,AAPL
04/12/2022,164.42437744140625,166.59171885387798,163.4240579625581,164.77743049486364,79265200,AAPL
04/13/2022,167.1114959716797,167.73914420674996,163.55156041909547,164.1595904381064,70618900,AAPL
04/14/2022,162.10012817382812,167.96473333287506,161.85495282329552,167.32726844290085,75329400,AAPL
04/18/2022,161.88436889648438,163.38484067093813,160.41331696354428,160.75655343597518,69023900,AAPL
04/19/2022,164.16937255859375,164.58128022532864,160.74673499644868,161.8353139115337,67723800,AAPL
04/20/2022,164.00267028808594,165.62083637298807,162.89448802131358,165.50314204406817,67929800,AAPL
04/21/2022,163.2082977294922,168.21968163880754,162.70814548680565,165.65024919174274,87227800,AAPL
04/22/2022,158.66769409179688,164.6303611950783,158.38329723215043,163.24758340946244,84882400,AAPL
04/25/2022,159.73663330078125,160.0210300948507,155.40193532965264,158.01058942731927,96046400,AAPL
04/26/2022,153.7739715576172,159.2070503,153.69551365548884,159.1187908139756,95623200,AAPL
04/27/2022,153.5484161376953,156.70626068843154,152.38137914765707,152.90114966122312,88063200,AAPL
04/28/2022,160.4819793701172,161.34500140614668,155.86286910913438,156.17670074562366,130216800,AAPL
04/29/2022,154.60757446289062,162.9925746827483,154.21529987659397,158.71671584912355,131747600,AAPL
05/02/2022,154.91156005859375,155.17633859448196,150.31206927613943,153.6856836225158,123055300,AAPL
05/03/2022,156.40219116210938,157.60846416542603,153.30318737751867,155.0978570374587,88966500,AAPL
05/04/2022,162.8160400390625,163.26715427373458,156.18648942865437,156.58858056796436,108256500,AAPL
05/05/2022,153.7445526123047,160.91347698312873,151.9596689981739,160.68791986588977,130525300,AAPL
05/06/2022,154.47129821777344,156.5927286121708,151.42665191176067,153.2239736359336,116124600,AAPL
05/09/2022,149.3445587158203,153.0472394567593,148.7847453865434,152.1633023773659,131577900,AAPL
05/10/2022,151.7507781982422,153.94096598283207,150.1989918029188,152.74275136095326,115366700,AAPL
05/11/2022,143.8838348388672,152.67400468671187,143.20615431110124,150.75883036017825,142689800,AAPL
05/12/2022,140.0141602,143.58915641213457,136.32131165679368,140.22041656879802,182602000,AAPL
05/13/2022,144.4829559326172,145.45528221531998,140.55438668965164,142.00795311338425,113990900,AAPL
05/16/2022,142.94097900390625,144.88563148350204,141.6052649207857,142.95081001781338,86643800,AAPL
05/17/2022,146.57489013671875,147.0954242427805,144.06059381103506,146.20167134886358,78336300,AAPL
05/18/2022,138.30526733398438,144.72847052072004,137.4016833512006,144.2275834099531,109742900,AAPL
05/19/2022,134.89723205566406,139.13026237954173,134.1606254,137.38205052865445,136095600,AAPL
05/20/2022,135.1329345703125,138.1873972505803,130.2418708685785,136.60614779257094,137426100,AAPL
05/23/2022,140.5543975830078,140.7017129465154,135.19189355677787,135.32939289148615,117726300,AAPL
05/24/2022,137.85350036621094,139.4347501436659,134.8776102549607,138.2954614249139,104132700,AAPL
05/25/2022,138.01065063476562,139.2579607,135.86957246588344,135.9579616828589,92482700,AAPL
05/26/2022,141.2123565673828,141.76235361559804,134.6909352,134.93647063097032,90601500,AAPL
05/27/2022,146.96775817871094,147.00703727273068,142.66597054796807,142.79365382955837,90978500,AAPL
05/31/2022,146.18203735351562,147.9695433008326,144.2177530085784,146.40794084331958,103718400,AAPL
06/01/2022,146.0543670654297,149.03025660842948,145.04274685421817,147.2231036462002,74286600,AAPL
06/02/2022,148.5097198486328,148.5686459793301,144.2373955374819,145.1900746138875,72348100,AAPL
06/03/2022,142.78384399414062,145.3275888,141.88027492949882,144.27668941243508,88570300,AAPL
06/06/2022,143.53025817871094,145.91687147884687,142.31239647541148,144.40436412307008,71598400,AAPL
06/07/2022,146.0543670654297,146.33918169758047,141.52669111278408,141.77222665254513,67808200,AAPL
06/08/2022,145.31777954101562,147.1936599216941,144.8267083969664,145.926703,53950200,AAPL
06/09/2022,140.09275817871094,145.30793069054988,139.98472194082933,144.45347180040457,69473000,AAPL
06/10/2022,134.68116760253906,138.2463336751748,134.61241045362357,137.7749096051149,91437900,AAPL
06/13/2022,129.52496337890625,132.78566882910056,129.09281826213578,130.49727490533394,122207100,AAPL
06/14/2022,130.38922119140625,131.49904691232265,129.1320801,130.75262407444748,84784300,AAPL
06/15/2022,133.01150512695312,134.88740024350506,129.79991106375064,131.8918636674431,91533000,AAPL
06/16/2022,127.73741912841797,130.02581237807436,126.73562983340109,129.72135067721175,108123900,AAPL
06/17/2022,129.2106475830078,130.70350817907268,127.49189843838613,127.74726504539257,134520300,AAPL
06/21/2022,133.4436798095703,134.61243163462674,130.93922874022462,131.03743398602646,81000500,AAPL
06/22/2022,132.93295288085938,135.29990419534238,131.51866571381353,132.38294065988546,73409200,AAPL
06/23/2022,135.80081176757812,136.11508949160935,133.20795685254018,134.37670851634957,72433800,AAPL
06/24/2022,139.13026428222656,139.37579982628543,137.27401616859356,137.40168446081998,89116800,AAPL
06/27/2022,139.13026428222656,140.92758626309347,138.45258378281605,140.1516855515393,70207900,AAPL
06/28/2022,134.9856414794922,140.85884829692233,134.86778919791305,139.59189131103963,67083400,AAPL
06/29/2022,136.74366760253906,138.15795490582852,134.22938572393656,135.0052865296894,66242400,AAPL
06/30/2022,134.27847290039062,135.89900141660408,131.38115662088498,134.79900702917675,98964500,AAPL
07/01/2022,136.44900512695312,136.55704136561366,133.23741100607202,133.6106148417446,71051600,AAPL
07/05/2022,139.03204345703125,139.08115356288656,134.4847204054961,135.3097312194843,73353800,AAPL
07/06/2022,140.36776733398438,141.54633502633234,138.56062920663072,138.82581180795694,74064300,AAPL
07/07/2022,143.73651123046875,143.93293666537267,140.72132760332855,140.7311436298687,66253700,AAPL
07/08/2022,144.41415405273438,144.9150560673179,142.4105909532935,142.6659424799357,64547800,AAPL
07/11/2022,142.28294372558594,144.02133971358117,141.2124122640522,143.06866052706354,63141600,AAPL
07/12/2022,143.2552490234375,145.7989934962315,142.45971631070495,143.15702881773996,77588800,AAPL
07/13/2022,142.8918914794922,143.8347397140172,139.5820616716197,140.43653568039218,71185600,AAPL
07/14/2022,145.81866455078125,146.29008864591398,140.69188068401962,141.50706056941064,78140700,AAPL
07/15/2022,147.4882813,148.1659617146879,145.55346006304742,147.1052464203459,76259900,AAPL
07/18/2022,144.4436798095703,148.86332029894717,144.08027695642463,148.04814036588357,81420900,AAPL
07/19/2022,148.30348205566406,148.52937058051154,144.2865238,145.27848208027842,82982400,AAPL
07/20/2022,150.30706787109375,150.97493250294357,147.6847494340756,148.4213562417651,64823400,AAPL
07/21/2022,152.5758056640625,152.79187815956976,149.2266969700013,151.7409787508479,65086600,AAPL
07/22/2022,151.33827209472656,153.48916568446282,150.67042266234586,152.61505981778862,66675400,AAPL
07/25/2022,150.21865844726562,152.27133221190695,149.56062491925485,151.2597268643066,53623900,AAPL
07/26/2022,148.8927764892578,150.3561589035467,148.10705966352916,149.54097900815464,55138700,AAPL
07/27/2022,153.9900665283203,154.5204317003286,149.4427584043403,149.8552563235132,78620700,AAPL
07/28/2022,154.54006958007812,154.82488420275592,151.65256933071927,154.17666680263463,81378700,AAPL
07/29/2022,159.60792541503906,160.70793488273625,156.65168275313596,158.3606155964203,101786900,AAPL
08/01/2022,158.62579345703125,160.66865118760447,158.01687004208316,158.1347223194791,67829400,AAPL
08/02/2022,157.15255737304688,159.50970748502837,156.77935355303202,157.24096155464215,59907000,AAPL
08/03/2022,163.16326904296875,163.61504600881742,157.87933984085964,157.96772903161715,82507500,AAPL
08/04/2022,162.84901428222656,164.20437546779837,161.49365309665475,163.0454397472784,55474100,AAPL
08/05/2022,162.62278747558594,163.11454067024195,160.31154145785612,160.51808440274291,56697000,AAPL
08/08/2022,162.1506805419922,165.04219149479044,161.49173311508682,163.62594000712474,60276900,AAPL
08/09/2022,162.19989013671875,163.08505499075815,160.55743608300256,161.31474028979756,63135500,AAPL
08/10/2022,166.44863891601562,166.54698055787682,164.14722239112217,164.91435623038078,70170500,AAPL
08/11/2022,165.71104431152344,168.16981098772024,165.41598930895566,167.2551419804722,57149200,AAPL
08/12/2022,169.26145935058594,169.33029699566112,166.60598003496278,167.01906593388134,68039400,AAPL
08/15/2022,170.33348083496094,170.5301791193321,168.52383260735886,168.6910268994302,54091700,AAPL
08/16/2022,170.17611694335938,170.84490912166515,168.82871793209483,169.93024033504878,56377100,AAPL
08/17/2022,171.6710662841797,173.24466771389544,169.72372757411412,169.92042587693876,79542000,AAPL
08/18/2022,171.27764892578125,172.01527879196829,170.26463844345383,170.88425233332873,62290100,AAPL
08/19/2022,168.6910400390625,170.8744256820194,168.48449706975865,170.1761294599256,70346300,AAPL
08/22/2022,164.8061981201172,167.05842149370653,164.38328250419255,166.89122718275175,69026800,AAPL
08/23/2022,164.47178649902344,165.92738691269662,163.90135093265715,164.32426652803133,54147100,AAPL
08/24/2022,164.76686096191406,165.33729659583858,163.50797370329437,164.56033297806545,53841500,AAPL
08/25/2022,167.22560119628906,167.33378750652878,165.57331755675585,165.9962181286182,51218200,AAPL
08/26/2022,160.9213409423828,168.22880259575382,160.86233294904275,167.75672364191396,78961000,AAPL
08/29/2022,158.7182617,160.2131805859094,157.18399419307175,158.49204445005722,73314000,AAPL
08/30/2022,156.2890167236328,159.87880933569366,155.1186416,159.45590875707995,77906200,AAPL
08/31/2022,154.6268768310547,157.9314589229971,154.54819451849457,157.66590799399623,87991100,AAPL
09/01/2022,155.3546600341797,155.8070645231953,152.11891593895604,154.05642452911226,74229900,AAPL
09/02/2022,153.2401580810547,157.71511602884905,152.41401615420267,157.11517641377614,76957800,AAPL
09/06/2022,151.9812774658203,154.4990520231096,151.1551355030448,153.88928271826865,73714800,AAPL
09/07/2022,153.3876953,154.08597659166026,151.0764488090942,152.2664983933652,87449600,AAPL
09/08/2022,151.91241455078125,153.78107082360773,150.1617592438652,152.08943851032333,84923800,AAPL
09/09/2022,154.7744141,155.21700399593914,152.19763181879884,152.9057577037595,68028800,AAPL
09/12/2022,160.73448181152344,161.55079411768534,156.67260962248582,156.95781994289408,104956000,AAPL
09/13/2022,151.30262756347656,157.89211772902357,150.8403783347764,157.26267420589616,122656600,AAPL
09/14/2022,152.7483673095703,154.50885206267736,151.07640953249754,152.2369398106262,87965400,AAPL
09/15/2022,149.85687255859375,152.67954626691656,148.88321078041434,152.09926605765543,90481100,AAPL
09/16/2022,148.21441650390625,148.85370468985187,145.92284471335466,148.71601438946803,162278800,AAPL
09/19/2022,151.93206787109375,152.0107501857091,146.64081352548533,146.84734147012324,81474200,AAPL
09/20/2022,154.3121795654297,155.47272515734463,150.5551921564435,150.8699064647989,107689800,AAPL
09/21/2022,151.18463134765625,156.12183853779936,151.06661536137307,154.74492033364538,101696800,AAPL
09/22/2022,150.22076416015625,151.92222593073575,148.42094575247768,149.86670127656183,86652500,AAPL
09/23/2022,147.9488983154297,148.97175363651883,146.1097456802274,148.69637297479187,96029900,AAPL
09/26/2022,148.28326416015625,151.23378336075643,147.17189712565283,147.19157145564952,93339400,AAPL
09/27/2022,149.25694274902344,152.16812862553914,147.47679836474876,150.22078993520137,84442700,AAPL
09/28/2022,147.3685760498047,148.15538406805365,142.45104469464212,145.2048652549561,146691400,AAPL
09/29/2022,140.1300048828125,144.30007793360352,138.35969014393336,143.69030869298015,128138200,AAPL
09/30/2022,135.92059326171875,140.739784,135.72389496609006,138.9497950371784,124925300,AAPL
10/03/2022,140.10047912597656,140.71026327900083,135.4189942166646,135.93042173003832,114311700,AAPL
10/04/2022,143.69032287597656,143.80833886784444,141.8806592936553,142.63796359142103,87830100,AAPL
10/05/2022,143.98532104492188,144.94916805569278,140.65123517873155,141.69376449693982,79471000,AAPL
10/06/2022,143.0313262939453,145.1065253655181,142.8247983571862,143.40506352233135,68402200,AAPL
10/07/2022,137.77940368652344,140.73976746295003,137.14996021039673,140.18899129011245,85925600,AAPL
10/10/2022,138.10398864746094,139.54974448383035,136.28451052504542,138.10398864746094,74899000,AAPL
10/11/2022,136.68771362304688,139.01863396780078,135.94025417061508,137.59253769929057,77033700,AAPL
10/12/2022,136.05828857421875,138.04497594951954,135.88126460377657,136.83526713014228,70433700,AAPL
10/13/2022,140.63160705566406,141.22170198168052,132.1537703856876,132.76355465182596,113224000,AAPL
10/14/2022,136.09762573242188,142.1363546632189,135.9107571080086,141.92981170804703,88598000,AAPL
10/17/2022,140.0611572265625,140.5430657827838,137.95645402263972,138.7432621845146,85250900,AAPL
10/18/2022,141.37905883789062,144.2804000004446,138.2908490399077,143.0903655439518,99136600,AAPL
10/19/2022,141.4872283935547,142.5592467457927,139.1661527370201,139.35302135031444,61758300,AAPL
10/20/2022,141.02499389648438,143.4837601022304,140.29719369702107,140.6611013003117,64522000,AAPL
10/21/2022,144.84097290039062,145.41140833908693,140.29716371825512,140.5135362986956,86548600,AAPL
10/24/2022,146.98500061035156,147.7521342563344,143.5919071751024,144.76228197033905,75981900,AAPL
10/25/2022,149.82737731933594,149.97491229930705,146.89653213741997,147.6144876838341,74732300,AAPL
10/26/2022,146.88670349121094,149.48316008121265,145.5982974,148.4701495749658,88194300,AAPL
10/27/2022,142.41177368164062,146.59167717190942,141.75282599108812,145.6278448043826,109180200,AAPL
10/28/2022,153.17132568359375,154.9022919241191,145.38195509054958,145.75567739955667,164762400,AAPL
10/31/2022,150.81085205078125,151.69601672276417,149.41427490924212,150.63382812065376,97943200,AAPL
11/01/2022,148.16522216796875,152.8860555392552,146.6703033559686,152.52216300052189,80379300,AAPL
11/02/2022,142.6379395,149.66017491618842,142.60843546015093,146.49328294195223,93604600,AAPL
11/03/2022,136.58937072753906,140.44471393264007,136.4615100959827,139.71691380956625,97918500,AAPL
11/04/2022,136.32337951660156,140.5496142487395,132.3828281448323,139.97823249599168,140814800,AAPL
11/07/2022,136.8553466796875,137.08192417351185,133.65364870551915,135.07224959765693,83374600,AAPL
11/08/2022,137.4267578,139.32806703138522,135.44663574586633,138.32323704462326,89908500,AAPL
11/09/2022,132.8655548095703,136.49087039963513,132.58971737719733,136.44161049413725,74917800,AAPL
11/10/2022,144.68722534179688,144.68722534179688,137.42676248525757,139.14090816003963,118854000,AAPL
11/11/2022,147.47515869140625,147.7805490726991,142.2243712372686,143.6528333928847,93979700,AAPL
11/14/2022,146.0762481689453,148.04652398997993,145.23887493220099,146.7559957323241,73374100,AAPL
11/15/2022,147.81007385253906,151.3073161661693,146.35207406862938,149.95768214517247,89868300,AAPL
11/16/2022,146.5786590576172,147.6426098,145.1009522,146.91361736230309,64218300,AAPL
11/17/2022,148.47996520996094,149.2286645001734,143.97787840652705,144.25371577829003,80389400,AAPL
11/18/2022,149.04151916503906,150.4305673318375,147.74114484123723,150.0463641188946,74829600,AAPL
11/21/2022,145.81027221679688,148.1351985339266,145.52458880647748,147.928328,58724100,AAPL
11/22/2022,147.94801330566406,148.1844518302865,144.7463148991296,145.92849249022925,51804100,AAPL
11/23/2022,148.82481384277344,149.5735133563615,147.1205141770319,147.22887996484198,58301400,AAPL
11/25/2022,145.90878295898438,146.66734339247978,144.9334909730617,146.10580754336945,35195900,AAPL
11/28/2022,142.0765838623047,144.46061568789466,141.24907166473017,142.98290889279264,69246000,AAPL
11/29/2022,139.07192993164062,142.65783165746328,138.2641245866872,142.14555568748492,83763800,AAPL
11/30/2022,145.82997131347656,146.50971891238402,138.4611435666205,139.29850181511986,111380900,AAPL
12/01/2022,146.10580444335938,146.9136247638141,144.43107296360157,146.00729966926298,71250400,AAPL
12/02/2022,145.61322021484375,145.80039880762385,143.4853188948338,143.79072424895466,65447400,AAPL
12/05/2022,144.45077514648438,148.67701012513257,143.60355595085647,145.5738317516645,68826400,AAPL
12/06/2022,140.7860565185547,145.11081116378415,139.81076461635996,144.88423366279338,64727200,AAPL
12/07/2022,138.84536743164062,141.2392458201791,137.9193352044314,140.07679006739448,69721100,AAPL
12/08/2022,140.52993774414062,141.38701807504808,139.00298578220685,140.24425432184734,62128300,AAPL
12/09/2022,140.04721069335938,143.40653461732074,138.80592729031733,140.22452830407295,76097000,AAPL
12/12/2022,142.34262084960938,142.35246681987059,138.96358908007434,140.57921509183583,70462700,AAPL
12/13/2022,143.3080291748047,147.7411502710795,142.0963136174533,147.27813419846305,93886200,AAPL
12/14/2022,141.0816192626953,144.48034234830936,139.06208336103646,143.1898139764628,82291200,AAPL
12/15/2022,134.47132873535156,139.69256282085553,134.00831270124763,139.01281523751095,98931900,AAPL
12/16/2022,132.5109100341797,135.60424282446493,131.74250357896327,134.6585187405124,160156900,AAPL
12/19/2022,130.40269470214844,133.19063667083125,129.36831196695024,133.1019778704447,79592600,AAPL
12/20/2022,130.33375549316406,131.26963355148135,127.9595693949815,129.43727633927585,77432800,AAPL
12/21/2022,133.43690490722656,134.77669284525507,130.7770359950843,131.0036134680718,85928000,AAPL
12/22/2022,130.26480102539062,132.56017450128888,128.3634917913713,132.35330392731453,77852100,AAPL
12/23/2022,129.90029907226562,130.4519739547497,127.71329147955147,128.9742669,63814900,AAPL
12/27/2022,128.09750366210938,129.45699902617415,126.80697517918489,129.42744608626094,69007800,AAPL
12/28/2022,124.16678619384766,129.08262238361158,123.99931454878694,127.74283419111387,85438400,AAPL
12/29/2022,127.68373107910156,128.54079629058208,125.83167442757419,126.08780488461109,75703700,AAPL
12/30/2022,127.99894714355469,128.0186541085182,125.53611015946498,126.50154851054427,77034200,AAPL
01/03/2023,123.21121215820312,128.95456111650307,122.3245864348614,128.34378035287284,112117500,AAPL
01/04/2023,124.48204803466797,126.74786861860159,123.22107249842935,125.00417001301611,89113600,AAPL
01/05/2023,123.16194152832031,125.87107085400619,122.90581107632524,125.24058317585433,80962700,AAPL
01/06/2023,127.69356536865234,128.35360593496887,123.03386747187416,124.13722458745222,87754700,AAPL
01/09/2023,128.21568298339844,131.4272419402479,127.95955255827974,128.53093430540028,70790800,AAPL
01/10/2023,128.7871094,129.30923140505178,126.21589813764389,128.3240932303102,63896200,AAPL
01/11/2023,131.5060577392578,131.52574967331964,128.52109123972087,129.29934353146365,69458900,AAPL
01/12/2023,131.4272461,132.26460425926095,129.48652329837336,131.89026209256642,71379600,AAPL
01/13/2023,132.75718688964844,132.9148126,129.70326821418658,130.0677644513709,57809700,AAPL
01/17/2023,133.9196319580078,135.24955893921694,132.13653498479533,132.82612842305298,63646600,AAPL
01/18/2023,133.20053100585938,136.54999458059902,133.02319832869463,134.78660397065414,69672800,AAPL
01/19/2023,133.25962829589844,134.22505937639417,131.78192122019502,132.0873116107182,58280400,AAPL
01/20/2023,135.82095336914062,135.96873306889344,132.22520615532028,133.26944989272516,80223600,AAPL
01/23/2023,139.01283264160156,141.18999437445396,135.85053284595898,136.06726442233395,81760300,AAPL
01/24/2023,140.41172790527344,141.03236969957698,138.21487421828232,138.22472018745663,66435100,AAPL
01/25/2023,139.7516632080078,140.3131839948148,136.7469896041819,138.7960782416761,65799300,AAPL
01/26/2023,141.82046508789062,142.10614847767724,139.79106829556534,141.0421976938989,54105100,AAPL
01/27/2023,143.7611541748047,145.04183634112735,140.95352042033858,141.03233324940567,70555800,AAPL
01/30/2023,140.87472534179688,143.38683009380475,140.7269606636837,142.8056023172103,64015300,AAPL
01/31/2023,142.1455535888672,142.19481349464007,140.16543164570373,140.57918779657314,65874500,AAPL
02/01/2023,143.2686004638672,144.43107102589934,139.2196980441436,141.83030751885846,77663600,AAPL
02/02/2023,148.5785369873047,148.93317227622254,145.96791197621397,146.6870585876551,118339000,AAPL
02/03/2023,152.20382690429688,155.0410292646019,145.632958,145.8299825944814,154357300,AAPL
02/06/2023,149.47499084472656,150.82464018350336,148.5391127115985,150.3025182240104,69858300,AAPL
02/07/2023,152.35159301757812,152.92297488891165,148.40119485902974,148.40119485902974,83322600,AAPL
02/08/2023,149.66217041015625,152.28264122485135,148.92331687434466,151.59304759782992,64120100,AAPL
02/09/2023,148.62777709960938,152.0363615,148.18446797066764,151.49453251585427,56007100,AAPL
02/10/2023,148.99281311035156,149.3184067990407,147.22673043469464,147.46352995054943,57450700,AAPL
02/13/2023,151.7948760986328,152.19938787253557,148.90400724096855,148.93360529625505,62199000,AAPL
02/14/2023,151.1535645,151.71595766811416,148.8448255867729,150.08798919443248,61707600,AAPL
02/15/2023,153.255127,153.4228543120151,150.83785669682248,151.06478017591323,65573800,AAPL
02/16/2023,151.65676879882812,154.24176636818623,151.3015770289575,151.4594283283723,68167900,AAPL
02/17/2023,150.5122528076172,150.95623873407766,148.83496427712012,150.3149274,59144100,AAPL
02/21/2023,146.4966278076172,149.27896600318738,146.42757068306315,148.1936535747809,58867200,AAPL
02/22/2023,146.9208526611328,147.94695363892336,145.19422929242756,146.88137855335566,51011300,AAPL
02/23/2023,147.40432739257812,148.33177339849212,145.27319184522457,148.08511286734324,48394200,AAPL
02/24/2023,144.75025939941406,145.22384336023686,143.77347836618958,145.14491019093927,55469600,AAPL
02/27/2023,145.94410705566406,147.1774097603546,145.48038403430326,145.73692063205627,44998500,AAPL
02/28/2023,145.440918,147.08860849628215,144.86866373473268,145.08572620470352,50547000,AAPL
03/01/2023,143.36895751953125,145.26330849706878,143.0729618860178,144.86865768902635,55479000,AAPL
03/02/2023,143.96095275878906,144.75026945161636,141.9777925,142.4513915466776,52238100,AAPL
03/03/2023,149.01255798339844,149.0914911594904,145.36198515518814,146.0624926286878,70732300,AAPL
03/06/2023,151.7751465,154.21215352218627,151.41009374796985,151.7356723720831,87558000,AAPL
03/07/2023,149.5749512,151.9724842932115,149.1112281718285,151.64689058754286,56182000,AAPL
03/08/2023,150.82797241210938,151.41996369175047,149.80187125635692,150.7687763,47204800,AAPL
03/09/2023,148.5784454345703,152.47567911750554,148.2232536400137,151.5087739759212,53833600,AAPL
03/10/2023,146.51634216308594,148.92375113671451,145.63823135434072,148.20350666672326,68572400,AAPL
03/13/2023,148.4600372314453,151.09436981836478,145.72703441304543,145.83556564568843,84457100,AAPL
03/14/2023,150.55169677734375,151.35087437586574,148.09496787151124,149.25919818665145,73695900,AAPL
03/15/2023,150.94639587402344,151.2029174267054,147.91739708809698,149.17043689978033,77167900,AAPL
03/16/2023,153.76817321777344,154.3700254849667,149.6144034630521,150.1274616,76161100,AAPL
03/17/2023,152.9295196533203,154.64628226147335,152.21913616408204,153.99509488717774,98944600,AAPL
03/20/2023,155.2974853515625,155.71188834819753,152.09089801379864,152.99862213932042,73641400,AAPL
03/21/2023,157.1523438,157.2707359778321,154.44893912645242,155.21853377224946,73938300,AAPL
03/22/2023,155.72174072265625,159.97416620924432,155.7020036632039,157.17210596561782,75701800,AAPL
03/23/2023,156.80702209472656,159.39203464017027,155.57371946683134,156.70836691747317,67622100,AAPL
03/24/2023,158.10939025878906,158.1981844310787,155.74145533462084,156.73795839634036,59196500,AAPL
03/27/2023,156.1657257080078,158.6224701978729,155.76119879412065,157.80355536791788,52390300,AAPL
03/28/2023,155.5441131591797,156.3729039229444,153.8964227422894,155.85984584155918,45992200,AAPL
03/29/2023,158.62245178222656,158.8987103608656,157.22142183199622,157.2411438,51305700,AAPL
03/30/2023,160.1912078857422,160.2997391161816,159.11577163727372,159.37229315696538,49501700,AAPL
03/31/2023,162.69728088378906,162.79595111857384,159.74723055627194,160.27014967971024,68749800,AAPL
04/03/2023,163.95033264160156,164.06872488806627,162.0263833617239,162.07571848273926,56976200,AAPL
04/04/2023,163.41754150390625,164.61137005549932,162.90448337873613,164.37458557847017,46278300,AAPL
04/05/2023,161.57252502441406,162.84530192290984,159.6387146980463,162.53944524256352,51511700,AAPL
04/06/2023,162.46051025390625,162.75650592852264,159.83603835658786,160.2602872813979,45390100,AAPL
04/10/2023,159.86558532714844,159.86558532714844,157.9416366394643,159.26373316792822,47716900,AAPL
04/11/2023,158.65206909179688,160.1912285181147,158.3659344224378,160.18136751588224,47644200,AAPL
04/12/2023,157.96141052246094,159.89522066020655,157.64567781550258,159.06644488688698,50133100,AAPL
04/13/2023,163.34844970703125,163.58524921058068,159.26375236431844,159.4709538117945,68445600,AAPL
04/14/2023,163.00314331054688,164.0983166124722,161.63171143290737,162.39141498863978,49386500,AAPL
04/17/2023,163.0228729248047,163.1807392768596,161.83890539432053,162.8847436304976,41516200,AAPL
04/18/2023,164.24630737304688,165.1737533320214,163.4372536454433,163.88125462301093,49923000,AAPL
04/19/2023,165.39085388183594,165.91377309743532,163.32876002913073,163.5852966627984,47720200,AAPL
04/20/2023,164.42388916015625,165.62759364761484,163.34845295487423,163.8713720291843,52456400,AAPL
04/21/2023,162.8156738,164.22656472043278,162.2927547507698,162.84527188495923,58337300,AAPL
04/24/2023,163.12152099609375,163.3879185471219,161.70075413055952,162.79592733482866,41949600,AAPL
04/25/2023,161.58238220214844,164.08844653165775,161.54290808705858,162.98341218856248,48714100,AAPL
04/26/2023,161.57252502441406,163.07222541881754,160.62535692108122,160.8818784792827,45498800,AAPL
04/27/2023,166.16041564941406,166.30840595665688,162.98342657757053,162.98342657757053,64902300,AAPL
04/28/2023,167.41342163085938,167.5811640335514,165.63747792316207,166.23933019675923,55275900,AAPL
05/01/2023,167.32464599609375,168.17315888477142,166.38733892318547,167.01878932487827,52472900,AAPL
05/02/2023,166.2886505126953,168.07448533412125,165.30200842691818,167.81794875664258,48425700,AAPL
05/03/2023,165.21322631835938,168.63687581044152,164.92710671677185,167.23584575291258,65136000,AAPL
05/04/2023,163.57540893554688,164.80871172491695,162.1151826483231,162.6874369491867,81235400,AAPL
05/05/2023,171.2514648,171.9717093122383,168.4789881,168.69605053726107,113453200,AAPL
05/08/2023,171.1824188232422,171.52774960942492,169.81098679048802,170.17603958076435,55962800,AAPL
05/09/2023,169.47552490234375,171.22187065365208,169.3077975448434,170.73842563937583,45326900,AAPL
05/10/2023,171.24159240722656,171.70531537679722,169.60376298512443,170.70881232248743,53724500,AAPL
05/11/2023,171.42906188964844,172.25783762602444,169.87016559220018,171.5277321199156,49514700,AAPL
05/12/2023,170.50035095214844,171.97247152405595,168.94917294661113,171.5377460938216,45533100,AAPL
05/15/2023,170.0063477,171.13267487374878,169.4135375098661,171.0832715155854,37266700,AAPL
05/16/2023,170.0063477,171.0635071571624,169.73958158279842,169.92730529834625,42110300,AAPL
05/17/2023,170.61891174316406,170.85602374756016,168.37613188825594,169.65066921503973,57951600,AAPL
05/18/2023,172.95059204101562,173.13831574371522,170.51021405749552,170.92517510124802,65496700,AAPL
05/19/2023,173.0592803955078,174.27452457823847,172.84191768629904,174.27452457823847,55809500,AAPL
05/22/2023,172.11077880859375,172.61467191708667,171.36977372037438,171.89341610998645,43570900,AAPL
05/23/2023,169.50245666503906,171.30063640969706,169.22581594675142,171.0536346915268,50747300,AAPL
05/24/2023,169.77906799316406,170.35211368921475,168.47490698639612,169.03806296692736,45143500,AAPL
05/25/2023,170.91531372070312,171.8143885,169.63090177565675,170.3422679275043,56058300,AAPL
05/26/2023,173.32601928710938,173.66195304430255,171.03385143516303,171.24133948884744,54835000,AAPL
05/30/2023,175.1736297607422,176.8433638660441,174.4523889310648,174.83771102645838,55964400,AAPL
05/31/2023,175.12420654296875,177.19902686801004,174.64007778024913,175.20324889662425,99625300,AAPL
06/01/2023,177.93014526367188,177.95978426232014,174.8080400825605,175.56880955803746,68901800,AAPL
06/02/2023,178.77981567382812,179.5998631,177.11008187963884,178.8588580217184,61996900,AAPL
06/05/2023,177.42628479003906,182.7318771,175.90474568833295,180.43970891607717,121946500,AAPL
06/06/2023,177.06072998046875,177.95980483638854,175.30206376122024,177.81160982601426,64848400,AAPL
06/07/2023,175.6873779296875,179.03672040758232,175.19337452542106,176.29993732672585,61944600,AAPL
06/08/2023,178.40443420410156,178.67118524398478,175.33173177978392,175.76644220337568,50214900,AAPL
06/09/2023,178.7897186279297,180.04447641965535,178.46367457216073,179.3232356709596,48900000,AAPL
06/12/2023,181.5857696533203,181.68457636718009,178.79959821677159,179.09600328256303,54274900,AAPL
06/13/2023,181.11154174804688,181.94146392274692,180.25198057252106,180.60766365821948,54929100,AAPL
06/14/2023,181.74386596679688,182.1785914,179.8370198890403,181.17082015656314,57462900,AAPL
06/15/2023,183.77914428710938,184.28303741690132,181.57589328622848,181.7537423543279,65433200,AAPL
06/16/2023,182.70223999023438,184.74742157511324,182.06004151498252,184.4905301,101256200,AAPL
06/20/2023,182.7911376953125,183.86807659469073,182.19834264439277,182.19834264439277,49799100,AAPL
06/21/2023,181.75372314453125,183.18632987573855,180.40014368436258,182.68243679920374,49515700,AAPL
06/22/2023,184.75726318359375,184.8066665365007,181.46719888037438,181.53636658960147,51245300,AAPL
06/23/2023,184.4411163330078,185.31056720794078,182.79114665956078,183.32467881492002,53117000,AAPL
06/26/2023,183.04803466796875,185.79469252512132,183.00850595123646,184.58932295318664,48088700,AAPL
06/27/2023,185.80455017089844,186.13059421306954,183.44321460104132,183.66057729582204,50730800,AAPL
06/28/2023,186.98028564453125,187.6224840299043,185.3500804657921,185.67610944091012,51216800,AAPL
06/29/2023,187.3162384033203,187.79049260495555,186.6740399011505,186.81236027434662,46347300,AAPL
06/30/2023,191.6436767578125,192.14755478947328,188.9661717445866,189.33174450555188,85213200,AAPL
07/03/2023,190.1518096923828,191.5547776450248,189.46019281962833,191.45597092726317,31458200,AAPL
07/05/2023,189.03533935546875,190.66554451499093,188.33384790710164,189.27246641036476,46920300,AAPL
07/06/2023,189.50958251953125,189.7170705815605,186.9308841600135,187.56320791106293,45094300,AAPL
07/07/2023,188.39312744140625,190.35926638037827,187.95841711755844,189.11438325252212,46815000,AAPL
07/10/2023,186.34796142578125,187.71141562141005,184.79678352776446,186.9901598095207,59922200,AAPL
07/11/2023,185.8243408203125,187.02971045254367,184.36209481962464,186.8913900886379,46638100,AAPL
07/12/2023,187.49404907226562,189.4008949030878,186.2096372553674,187.4051170053163,60750200,AAPL
07/13/2023,188.25482177734375,188.8970353,187.5039419858172,188.2153081360164,41342300,AAPL
07/14/2023,188.40301513671875,188.88712881002033,187.35573036289856,187.9485254,41616200,AAPL
07/17/2023,191.66343688964844,191.9894809296959,189.50957431242833,189.59849130268125,50520200,AAPL
07/18/2023,191.40655517578125,191.99936529239264,190.1122686661601,191.03112283932904,48288200,AAPL
07/19/2023,192.76014709472656,195.8525983579603,190.3395181934612,190.78413334726974,80507300,AAPL
07/20/2023,190.8137664794922,194.11370571807572,190.1913173439326,192.7502514500073,59581200,AAPL
07/21/2023,189.63803100585938,192.63169045749675,188.93653953192955,191.77212935032986,71951700,AAPL
07/24/2023,190.43832397460938,192.57242242955687,189.9443205401746,191.09041212625252,45377800,AAPL
07/25/2023,191.29788208007812,192.10805493602857,190.60628029804008,191.01136672601527,37283200,AAPL
07/26/2023,192.16729736328125,193.29362436433283,191.0014567287653,191.34725001788098,47471900,AAPL
07/27/2023,190.90267944335938,194.83494237556206,190.24071668140024,193.66910156142774,47460200,AAPL
07/28/2023,193.48135375976562,194.27176213447206,191.81162002559202,192.33526237023054,48291400,AAPL
07/31/2023,194.0939483642578,194.13347708185938,192.91821776612247,193.70862628447964,38824100,AAPL
08/01/2023,193.26402282714844,194.37058568804014,192.93797875368105,193.88647197429418,35175100,AAPL
08/02/2023,190.2703399658203,192.8391484466102,189.5490992662055,192.70082810591987,50389300,AAPL
08/03/2023,188.8772430419922,190.06284809201935,188.40300403713854,189.27245477585868,61235200,AAPL
08/04/2023,179.807373,185.13272939460776,179.7382053306166,183.2950360404776,115956800,AAPL
08/07/2023,176.7050323486328,180.93370048918646,175.2230220636036,179.9456936325003,97576100,AAPL
08/08/2023,177.6436309814453,178.10799539743132,175.45025461361834,177.5349496271552,67823000,AAPL
08/09/2023,176.05291748046875,178.76004620834635,174.88706172714433,178.7007682180696,60378500,AAPL
08/10/2023,175.8355712890625,178.58222898523437,175.47001359754938,177.3274561288203,54686900,AAPL
08/11/2023,175.8949432373047,176.71609814181758,174.66816996475507,175.42996682009903,52036700,AAPL
08/14/2023,177.54714965820312,177.77469387045335,175.42005736478495,176.0730260741773,43675600,AAPL
08/15/2023,175.55857849121094,177.56693975444728,175.1628480821964,176.97334414092546,43622600,AAPL
08/16/2023,174.6879425048828,176.6369303294026,174.61868139075943,175.24197103328896,46964900,AAPL
08/17/2023,172.1453399658203,175.6179215615527,171.6308784010705,175.25187020963352,66062900,AAPL
08/18/2023,172.630127,173.23362560342792,170.12709527960956,170.46346761685473,61172200,AAPL
08/21/2023,173.9656982421875,174.2526155537449,171.88809143364858,173.20391662712854,46311900,AAPL
08/22/2023,175.3408966064453,175.78609702554508,174.37134667878323,175.17271045239184,42038900,AAPL
08/23/2023,179.1894531,179.61487764306722,176.4291981302873,176.61717535249278,52722800,AAPL
08/24/2023,174.49998474121094,179.16967585239115,174.13391827576947,178.74425133745834,54945800,AAPL
08/25/2023,176.70619201660156,177.2404295003986,173.9459373407173,175.4893068451812,51449600,AAPL
08/28/2023,178.2693634033203,178.66509377862053,176.6468447107556,178.17042326142217,43820700,AAPL
08/29/2023,182.15744018554688,182.9291249,177.58669009574285,177.78455525489372,53003900,AAPL
08/30/2023,185.64987182617188,185.8477521448864,182.77090038112038,182.96876560368614,60813900,AAPL
08/31/2023,185.8675079345703,187.10418431162185,185.4816655087761,185.83782890921285,60794500,AAPL
09/01/2023,187.44053649902344,187.8956248663274,186.27310636870047,187.47021551879786,45766500,AAPL
09/05/2023,187.67799377441406,187.9550080601447,185.6102746073009,186.27313129788112,45280000,AAPL
09/06/2023,180.96035766601562,186.83704535292617,179.5357042757167,186.39182984634905,81755800,AAPL
09/07/2023,175.66737365722656,176.31045432139675,171.69021887943939,173.31273740579792,112488800,AAPL
09/08/2023,176.28077697753906,178.3188321743013,175.89493458078306,176.4489782367689,65551300,AAPL
09/11/2023,177.44822692871094,178.3782100128355,175.44975360513354,178.15066577825644,58953100,AAPL
09/12/2023,174.42083740234375,178.21001559327632,172.95661681425068,177.57683789873767,90370200,AAPL
09/13/2023,172.35311889648438,175.41017925863045,172.1255595752841,174.6285913393108,84267900,AAPL
09/14/2023,173.86680603027344,174.2229694212733,171.72982568427443,172.14534712441645,60895800,AAPL
09/15/2023,173.14456176757812,174.61868528190746,171.9672587,174.59889423512476,109259500,AAPL
09/18/2023,176.07301330566406,177.46798769380123,174.2921965438023,174.59888982853914,67257600,AAPL
09/19/2023,177.16131591796875,177.71534451200176,175.24199179139225,175.62783421196144,51826900,AAPL
09/20/2023,173.61947631835938,177.78459392537832,173.53042414564908,177.34928142287384,58436200,AAPL
09/21/2023,172.07606506347656,174.42081339229338,172.00681904661934,172.6894667209782,63149100,AAPL
09/22/2023,172.9269256591797,175.19252525078977,172.19482290064929,172.80820955696336,56725400,AAPL
09/25/2023,174.2031707763672,175.08368369125543,172.29373473406022,172.3432048049037,46172700,AAPL
09/26/2023,170.1270751953125,173.33253018900052,169.83026989319274,172.9565908960506,64588900,AAPL
09/27/2023,168.61337280273438,171.19555331579562,167.24809254140138,170.7800319235512,66921800,AAPL
09/28/2023,168.87062072753906,170.19633406818943,165.83333655703308,167.53500431517824,56294400,AAPL
09/29/2023,169.38507080078125,171.22524557281096,168.52433390834895,170.18643455541363,51861100,AAPL
10/02/2023,171.89797973632812,172.44212024536975,169.1080312,169.39494849088058,52164500,AAPL
10/03/2023,170.56236267089844,171.77926282963776,168.99921735596456,170.4238555507343,49594600,AAPL
10/04/2023,171.80897521972656,172.35311583182798,169.14764530465982,169.26636140324675,53020300,AAPL
10/05/2023,173.04562377929688,173.57986123329636,170.83938266052527,171.93755168454948,48527900,AAPL
10/06/2023,175.59811401367188,176.09278444180603,171.33404224239501,171.9474438386589,57266700,AAPL
10/09/2023,177.08213806152344,177.1414961017949,173.92613808717138,174.9253669894116,42390800,AAPL
10/10/2023,176.48855590820312,177.80438136546655,176.0532434145344,176.20165363527434,43698000,AAPL
10/11/2023,177.88351440429688,177.9329844734106,175.70696722860302,176.3005628,47551100,AAPL
10/12/2023,178.78384399414062,180.39645978644091,177.13163100626258,178.1506662685904,56743100,AAPL
10/13/2023,176.94363403320312,179.99079085887703,176.24119532002288,179.4862324115919,51427100,AAPL
10/16/2023,176.81503295898438,177.17119633941073,174.6285826048942,174.86602989056055,52517000,AAPL
10/17/2023,175.2617645263672,176.51823191229096,172.93682206936518,174.76709399132676,57549400,AAPL
10/18/2023,173.9656982421875,175.68715682310025,173.24348362037233,173.70847504574286,54764400,AAPL
10/19/2023,173.5897979736328,175.94441955236843,173.32267164674883,174.16360253338752,59302900,AAPL
10/20/2023,171.0372772216797,173.55019672394363,170.7998299466356,173.44136860989997,64244000,AAPL
10/23/2023,171.15602111816406,172.15525025770881,168.11873650303747,169.0883017115462,55980100,AAPL
10/24/2023,171.5913086,171.81885280099095,169.62251453312876,171.20546620053886,43816600,AAPL
10/25/2023,169.27622985839844,171.2153295207887,168.83101438745086,170.04791453369674,57157000,AAPL
10/26/2023,165.11111450195312,169.55326090861308,163.90411730631092,168.55401686361284,70625300,AAPL
10/27/2023,166.42694091796875,167.1590586780216,165.05175755916278,165.13090664912622,58499100,AAPL
10/30/2023,168.4748535,169.34547832959018,167.0699912633637,167.21840145454993,51131000,AAPL
10/31/2023,168.9497833251953,169.07838740239757,166.1103641120373,167.54492077929578,44846000,AAPL
11/01/2023,172.1156463623047,172.37286957481675,168.30667766450742,169.1773025316942,56934900,AAPL
11/02/2023,175.67730712890625,175.88506030695757,173.5897968,173.64915484595178,77334800,AAPL
11/03/2023,174.76707458496094,174.9352758328065,171.50226149314057,172.38277434389337,79829200,AAPL
11/06/2023,177.31959533691406,177.51746053122469,174.3317961816863,174.49998235165765,63841300,AAPL
11/07/2023,179.8820037841797,180.4953904276926,177.06237564620827,177.27012882075113,70530000,AAPL
11/08/2023,180.94058227539062,181.4946108426327,179.65443590363796,180.40634475587757,49340300,AAPL
11/09/2023,180.4656524658203,182.15741671918485,179.8720419686954,181.0097929054945,53763500,AAPL
11/10/2023,184.65611267089844,184.8245355233408,181.81296804065445,182.2488540012565,66133400,AAPL
11/13/2023,183.0710906982422,184.28957909475855,182.4866141219331,184.0815522328342,43627500,AAPL
11/14/2023,185.68638610839844,186.35011603301572,184.55705211313364,185.94394820695575,60108400,AAPL
11/15/2023,186.25103759765625,187.72710311138576,186.0231936311185,186.09254599086609,53790500,AAPL
11/16/2023,187.9351348876953,189.1734402500684,186.88503924293582,187.7964452917508,54412900,AAPL
11/17/2023,187.91534423828125,188.5988913131576,186.80582731444395,188.47010270019993,50922700,AAPL
11/20/2023,189.65887451171875,190.1145776039652,188.10357060538217,188.11347160798348,46505100,AAPL
11/21/2023,188.85647583007812,189.72824786854497,187.96490178421791,189.61927636373662,38134500,AAPL
11/22/2023,189.52017211914062,191.12501116236683,189.04466705374648,189.69849596618437,39617700,AAPL
11/24/2023,188.19273376464844,189.1140258787283,187.47946852715137,189.0843077535022,24048300,AAPL
11/27/2023,188.01438903808594,188.88616092409407,187.13271615011263,188.14317764380084,40552600,AAPL
11/28/2023,188.6186981201172,189.29234420962146,187.62805366546104,188.0045033953615,38415400,AAPL
11/29/2023,187.59832763671875,190.29288164913223,187.2020759179661,189.11401237919708,43014200,AAPL
11/30/2023,188.1728973388672,188.53944603911236,186.42936866830843,188.06392585220516,48794400,AAPL
12/01/2023,189.4508514404297,189.76784980640184,187.4596464071562,188.54936135651158,45704800,AAPL
12/04/2023,187.6577606201172,188.27197042434886,185.69628894913777,188.2026180609542,43389500,AAPL
12/05/2023,191.6104278564453,192.58125508438908,188.4007347,188.43046796633192,66628400,AAPL
12/06/2023,190.52076721191406,192.9379272177151,190.31272520524868,192.63082982561934,41089700,AAPL
12/07/2023,192.45249938964844,193.17566559760107,191.7788533108163,191.81848755335412,47477700,AAPL
12/08/2023,193.87904357910156,194.15642283244122,191.8581203150147,192.38316069569592,53406400,AAPL
12/11/2023,191.37269592285156,191.67980841318465,189.6291670567547,191.3033586686724,60943700,AAPL
12/12/2023,192.88836669921875,192.89826770087802,189.92633467152928,191.27361158280868,52696900,AAPL
12/13/2023,196.1079559326172,196.14757505430106,193.02705149757753,193.26479645974607,70404200,AAPL
12/14/2023,196.25657653808594,197.75244424587422,194.32482284497263,196.16742216364264,66831600,AAPL
12/15/2023,195.72161865234375,196.54384019084355,195.15694409646994,195.6819844119138,128538400,AAPL
12/18/2023,194.05734252929688,194.7904248709577,192.57137584033416,194.2554683979516,55751900,AAPL
12/19/2023,195.09750366210938,195.10740466398735,194.05732405565033,194.32480226669028,40714100,AAPL
12/20/2023,193.00726318359375,195.8305908429342,193.00726318359375,195.05788936850126,52242800,AAPL
12/21/2023,192.8586426,195.23619818360498,191.6896894536902,194.26537091395173,46482500,AAPL
12/22/2023,191.7887725830078,193.58183662844655,191.16466173906855,193.35397752019378,37149600,AAPL
12/26/2023,191.24391174316406,192.0760494430794,191.02596875756228,191.7986702097743,28919300,AAPL
12/27/2023,191.34295654296875,191.68968812345565,189.30223153241622,190.68914273833013,48087700,AAPL
12/28/2023,191.76895141601562,192.8388492190412,191.36278357008254,192.32370988068791,34049900,AAPL
12/29/2023,190.7287598,192.58125990446206,189.9362412446781,192.08593771837442,42672100,AAPL
01/02/2020,67.90381622314453,67.94205249,66.62159046238858,66.62159046238858,28132000,GOOG
01/03/2020,67.57060241699219,68.15858166,66.81994095443149,66.93495286268016,23728000,GOOG
01/06/2020,69.23670196533203,69.35041810666512,67.04122344136731,67.04122344136731,34646000,GOOG
01/07/2020,69.19348907470703,69.67270781341017,69.04649239035008,69.42192915117019,30054000,GOOG
01/08/2020,69.73876190185547,70.09929365,69.06933934334683,69.13091443,30560000,GOOG
01/09/2020,70.50899505615234,70.88144630493284,70.03423943909009,70.54574613,30018000,GOOG
01/10/2020,71.00063324,71.25881518379731,70.43550030398244,70.89286546537721,36414000,GOOG
01/13/2020,71.47239685058594,71.53645737,70.81638653642962,71.31845156114929,33046000,GOOG
01/14/2020,71.05773162841797,71.60001823554667,70.93308868283479,71.46147050516532,31178000,GOOG
01/15/2020,71.47090148925781,71.57990439,71.02445561952192,71.02445561952192,25654000,GOOG
01/16/2020,72.09165192,72.10605681797274,71.55631394755552,71.88010218520081,23474000,GOOG
01/17/2020,73.51640319824219,73.56134558132662,72.41543984206496,72.64834307701408,47924000,GOOG
01/21/2020,73.71554565429688,74.08551143622914,73.06002787895284,73.45334005966713,40734000,GOOG
01/22/2020,73.79251861572266,74.64984900063922,73.74186276485368,74.04330485960594,32216000,GOOG
01/23/2020,73.82727813720703,74.26776808793879,73.60133106334078,73.87644879125217,27024000,GOOG
01/24/2020,72.83705902,74.26652394,72.76454954658043,74.17191835980502,35692000,GOOG
01/27/2020,71.20771026611328,71.41479685,70.57702404911723,71.06369912177992,35104000,GOOG
01/28/2020,72.13436889648438,72.30520453483493,71.13669483054908,71.65962086304285,31548000,GOOG
01/29/2020,72.4358139,72.77349940796584,71.84534923411006,72.44425528,21554000,GOOG
01/30/2020,72.29724884033203,72.36875807813423,71.33185519,71.50864675414853,26788000,GOOG
01/31/2020,71.22409057617188,73.00688843,70.94102403792905,72.94580589242007,48344000,GOOG
02/03/2020,73.79201508,73.99363823460793,72.45367770699539,72.60315224220815,60736000,GOOG
02/04/2020,71.86172485351562,72.97560031,70.83028543793051,72.35832643111584,78660000,GOOG
02/05/2020,71.91934204101562,72.69453954452206,71.04184774666115,72.62402295669747,39724000,GOOG
02/06/2020,73.30981445,73.5963515,71.98587448,72.02361819947905,33588000,GOOG
02/07/2020,73.45880889892578,73.78706035093559,72.81918117631908,72.86635893989194,23446000,GOOG
02/10/2020,74.92129516601562,74.96201686466415,73.21497719,73.21497719,28398000,GOOG
02/11/2020,74.92675018310547,75.96166771448218,74.77022096189218,75.07672483316374,26892000,GOOG
02/12/2020,75.39752960205078,75.51795943123352,74.89298673750011,75.20931868546857,23352000,GOOG
02/13/2020,75.21826172,75.84000639352533,74.71868213211165,75.12042810921417,18590000,GOOG
02/14/2020,75.52020263671875,75.52020263671875,74.85475066001621,75.26494562756126,23956000,GOOG
02/18/2020,75.46705627441406,76.06099138957565,75.11546602411893,75.23514568129174,22414000,GOOG
02/19/2020,75.81567383,76.084631,75.55296812288319,75.73522309,18986000,GOOG
02/20/2020,75.39158630371094,75.96218267246351,74.82893877,75.58277522523915,21932000,GOOG
02/21/2020,73.75080108642578,75.09683723926696,73.51889050316402,74.88900808,34634000,GOOG
02/24/2020,70.59639739990234,71.36017558216192,70.08986913588802,70.82085930093804,57342000,GOOG
02/25/2020,68.95065307617188,71.41826363554055,68.65021121542527,71.16301421993741,49566000,GOOG
02/26/2020,69.18554688,70.30390084854004,68.48136608278737,69.33254357346263,44048000,GOOG
02/27/2020,65.45656586,68.11904040245773,65.41087329449262,67.64011718123767,59566000,GOOG
02/28/2020,66.51134490966797,66.60122968273528,63.11806590820636,63.440857722867264,75782000,GOOG
03/02/2020,68.98342133,69.07082823713633,65.8898456,67.12116536,48630000,GOOG
03/03/2020,66.61364746,70.02827609,66.14733327280929,69.49542353,48046000,GOOG
03/04/2020,68.85481262207031,68.93278551165616,66.69907060737945,67.49959227,38266000,GOOG
03/05/2020,65.50374603271484,67.48369652452459,64.81147716481703,67.05115541,51226000,GOOG
03/06/2020,64.47925567626953,64.86709689198965,62.62395190626873,63.41901010678455,53212000,GOOG
03/09/2020,60.364906311035156,62.31158374927824,59.59219431268793,59.85539256469915,67308000,GOOG
03/10/2020,63.58437728881836,63.62212101344055,60.52431674969943,62.57180583,52228000,GOOG
03/11/2020,60.357460021972656,62.619480640458136,59.39703339121399,62.060307467416756,52170000,GOOG
03/12/2020,55.36661148071289,59.287779834392445,55.28666086053564,55.917343269090544,84534000,GOOG
03/13/2020,60.571990966796875,60.57347995332645,55.47750501442033,58.549333478932624,74002000,GOOG
03/16/2020,53.847999572753906,57.221762378640875,53.35686138802423,54.42753353768823,85048000,GOOG
03/17/2020,55.60945129394531,56.15869029332871,52.44162684986951,54.284018412682315,77230000,GOOG
03/18/2020,54.467262268066406,54.94896641414023,51.511487891613825,52.466454805458405,84668000,GOOG
03/19/2020,55.38548278808594,57.50497742074177,52.645137610709675,54.28104124933974,73022000,GOOG
03/20/2020,53.25158691,56.81073069227061,52.91240866884166,56.40003941808992,72036000,GOOG
03/23/2020,52.47192383,53.20192884609394,50.332363822196605,52.70532720543696,80882000,GOOG
03/24/2020,56.33747100830078,56.36428792205086,54.16036801606106,54.81340040571411,66890000,GOOG
03/25/2020,54.74983596801758,57.05456367,53.93143513973507,55.94068803641491,81630000,GOOG
03/26/2020,57.69269943237305,58.10090530022894,54.30487981231966,55.212172773862456,71434000,GOOG
03/27/2020,55.15803527832031,57.14245634110623,54.91966863467143,55.900952354857296,64170000,GOOG
03/30/2020,56.951263427734375,57.190130187954956,54.45137270886714,55.86966446231277,51482000,GOOG
03/31/2020,57.74533462524414,58.366086677430644,56.52022073924125,56.97510802494447,49728000,GOOG
04/01/2020,54.905269622802734,56.10059242596996,54.499549198520704,55.71870336433194,46884000,GOOG
04/02/2020,55.661094665527344,55.96004753136843,54.447400209617925,54.53976662386721,39298000,GOOG
04/03/2020,54.52090072631836,55.795177659080736,53.62354197540714,55.570465724724194,46268000,GOOG
04/06/2020,58.94264602661133,59.32701674937257,56.16267009275667,56.513271507957825,53294000,GOOG
04/07/2020,58.922279357910156,60.83369851021976,58.70973316720613,60.63505710426919,47746000,GOOG
04/08/2020,60.10270690917969,60.53921868632913,59.004225014405584,59.91499229612837,39502000,GOOG
04/09/2020,60.16080093383789,60.86200368668178,59.43005335532061,60.78800901556082,43508000,GOOG
04/13/2020,60.46422576904297,60.610726127767364,58.97631149130826,60.04807488064795,34796000,GOOG
04/14/2020,63.03016281,63.667801353662334,61.426141773587794,61.83136961663061,49408000,GOOG
04/15/2020,62.694461822509766,63.58784987223647,61.59846174840961,61.85718923724433,33434000,GOOG
04/16/2020,62.74412536621094,63.51534838440943,61.70871143617545,63.272014649822715,50362000,GOOG
04/17/2020,63.72640609741211,64.28160487051998,63.129492966991336,63.80586418111476,38980000,GOOG
04/20/2020,62.900054931640625,63.64446098068002,62.63983467043894,63.118060723981344,33910000,GOOG
04/21/2020,60.40364456176758,62.287254198245144,60.07439668,61.92622232442697,43060000,GOOG
04/22/2020,62.73121262,63.84374694238709,61.677919492134386,61.8537184,41848000,GOOG
04/23/2020,63.38175964355469,64.22598088095572,62.85337782412955,63.14537830328555,31324000,GOOG
04/24/2020,63.53074264526367,63.584869009749326,62.047890156200104,62.62990581,32792000,GOOG
04/27/2020,63.36040115356445,64.36701655776149,63.01874129710235,64.35956783715862,32012000,GOOG
04/28/2020,61.264251708984375,63.96476934334331,61.19125348198349,63.958813397277744,59026000,GOOG
04/29/2020,66.61811065673828,67.53731921132398,65.81659644188422,66.61711799909568,75872000,GOOG
04/30/2020,66.97467803955078,67.18126451164983,65.67506931502436,65.79376390105523,53378000,GOOG
05/01/2020,65.58170318603516,67.14400980795767,65.10446979781985,65.97352256,41450000,GOOG
05/04/2020,65.88909149169922,65.93180607605001,64.50853975799883,64.96690505999969,30080000,GOOG
05/05/2020,67.09634399414062,68.23008796278566,66.41848757,66.44133385242301,33030000,GOOG
05/06/2020,66.90714263916016,68.09004972747793,66.9066501,67.62175773507504,24308000,GOOG
05/07/2020,68.16156005859375,68.41184622,67.30293379506175,67.83280846614691,27952000,GOOG
05/08/2020,68.94668579101562,69.46265563072474,68.30656553930811,68.68646549692158,27738000,GOOG
05/11/2020,69.68612670898438,70.34511505,68.38959446055027,68.44561521374237,28242000,GOOG
05/12/2020,68.31947326660156,70.26912866499187,68.27130284922856,69.87780938011281,27812000,GOOG
05/13/2020,67.00795746,68.80327386510248,65.96856893,68.38453896631944,36252000,GOOG
05/14/2020,67.34564208984375,67.40970261081927,65.74559153062619,66.29731219921227,32062000,GOOG
05/15/2020,68.19284057617188,68.25690109642692,66.49495642044602,67.04122125427448,34154000,GOOG
05/18/2020,68.72669219970703,69.14309319754263,67.25228470671571,67.62473597046618,36448000,GOOG
05/19/2020,68.20749664,69.12695542,68.20749664,68.87851059767719,25612000,GOOG
05/20/2020,69.85794067382812,70.04168842,68.89106182,69.00676326589259,33108000,GOOG
05/21/2020,69.66326904296875,70.29345505378288,69.19894777802982,69.92150399,27700000,GOOG
05/22/2020,70.04168701171875,70.15788857398324,69.11850026676878,69.36084512261117,26188000,GOOG
05/26/2020,70.36944580078125,71.56030166403293,70.12660838,71.37506870075322,41212000,GOOG
05/27/2020,70.41016387939453,70.60383821218231,69.09168715665855,70.38086911158055,33716000,GOOG
05/28/2020,70.35504150390625,71.55234573499438,69.32558734289624,69.36829435363889,33844000,GOOG
05/29/2020,70.96040344238281,71.14166578,70.18719884,70.36547562454726,36418000,GOOG
06/01/2020,71.10441589355469,71.40932849735742,70.41811058181692,70.43747877,24342000,GOOG
06/02/2020,71.47190094,71.49126913,70.45932945206445,71.04134512872544,25562000,GOOG
06/03/2020,71.33086395263672,71.83600546103794,71.00296109058361,71.42621213078971,25124000,GOOG
06/04/2020,70.12908935546875,71.45898541414964,69.75912357005502,71.03389302934043,29686000,GOOG
06/05/2020,71.43068695,71.76142383132131,69.82219499499713,70.17825601372202,34698000,GOOG
06/08/2020,71.83889008,71.90742134684552,70.63363688396181,70.63363688396181,28084000,GOOG
06/09/2020,72.31314086914062,72.90112004210671,71.67004267427679,71.77681020500805,28184000,GOOG
06/10/2020,72.79435729980469,73.21194794835758,72.31860903221238,72.48099571312636,30504000,GOOG
06/11/2020,69.71492004394531,72.22945817301579,69.62354250078923,71.63378782991101,39826000,GOOG
06/12/2020,70.17874145507812,71.36164834,68.82997739078206,70.93904141,38928000,GOOG
06/15/2020,70.50998688,70.75580227390762,68.92434117,69.06735966381535,30078000,GOOG
06/16/2020,71.64572143554688,72.25653939969477,70.81043399,71.76987186,34184000,GOOG
06/17/2020,72.06285858154297,72.50384109038218,71.08256740683144,71.86620627,30992000,GOOG
06/18/2020,71.31000518798828,72.07726138513739,70.86555217884707,71.96552298583306,31638000,GOOG
06/19/2020,71.09945678710938,71.89799316545846,70.58447955372054,71.7092821,63158000,GOOG
06/22/2020,72.09960938,72.14380158720957,70.67684292152231,70.96437266985775,30848000,GOOG
06/23/2020,72.72283172607422,73.29546635042593,71.77085034289895,72.28731267043554,28596000,GOOG
06/24/2020,71.11186218261719,73.26959673401689,71.00161656714448,72.57882069771837,35120000,GOOG
06/25/2020,71.57668304,71.65464835,70.51743391312633,71.00907227184344,24610000,GOOG
06/26/2020,67.5328598,71.18536275,67.14004772285006,71.08306595981846,85354000,GOOG
06/29/2020,69.27442932128906,69.30571697957973,66.89273305649421,67.44743163965026,36204000,GOOG
06/30/2020,70.20009613,70.45038982710655,68.72767418167281,69.04947711567303,40848000,GOOG
07/01/2020,71.41329956054688,71.65961505445209,70.01188670171123,70.07545467926525,35504000,GOOG
07/02/2020,72.73724365234375,73.64354014024406,71.82945438911075,71.85527864461241,37182000,GOOG
07/06/2020,74.27670288085938,74.81749667361257,73.14245897787399,73.50001272612043,31280000,GOOG
07/07/2020,73.75429535,75.32454364983981,73.67334448147749,73.99365470577429,29164000,GOOG
07/08/2020,74.29161071777344,74.78224884952299,73.77663352782716,74.20818200334445,24994000,GOOG
07/09/2020,75.03600311279297,75.61851883856808,73.89853874777877,74.81054859775554,28466000,GOOG
07/10/2020,76.56305694580078,76.66684650358317,74.31842305623277,74.79565649049827,37126000,GOOG
07/13/2020,75.05339050292969,78.32062845929656,74.75061476268897,76.97325103,36928000,GOOG
07/14/2020,75.51226043701172,75.62995479712686,73.67086503600093,74.00905067158803,31700000,GOOG
07/15/2020,75.16760254,76.24473454373101,74.39091995,75.63887999564545,32214000,GOOG
07/16/2020,75.38413239,75.41839802052624,73.81039859580217,74.49024789500587,30386000,GOOG
07/17/2020,75.26245117,75.65427055818434,74.41177391177511,75.56389325060115,29134000,GOOG
07/20/2020,77.75391387939453,77.98086118912214,74.66902175040603,75.24805943564259,31146000,GOOG
07/21/2020,77.39138031,78.81017592050215,77.18578653,78.81017592050215,24324000,GOOG
07/22/2020,77.89146423339844,77.96645156030748,76.77957403,77.49468155363509,18640000,GOOG
07/23/2020,75.26890563964844,78.05931158247867,74.85732404036652,77.81598165545643,32552000,GOOG
07/24/2020,75.07970428466797,75.36604433054607,73.91418026972542,74.43710624003472,30880000,GOOG
07/27/2020,75.98998260498047,76.52482049278846,75.24557270925112,75.2649409,24920000,GOOG
07/28/2020,74.50712585449219,75.80524170279428,74.37404153040482,75.74068864,34044000,GOOG
07/29/2020,75.58374786376953,76.04221166843169,74.55627912454403,74.80408736,22130000,GOOG
07/30/2020,76.05204772949219,76.37086508107689,74.10387776,74.34125172478667,33428000,GOOG
07/31/2020,73.64402770996094,74.93469468226937,72.20735672643626,74.73903506146729,68798000,GOOG
08/03/2020,73.22142028808594,74.01697089,72.78390837510678,73.82677467694734,46604000,GOOG
08/04/2020,72.75064849853516,73.77315413869968,72.43680195599123,73.32670822757262,38070000,GOOG
08/05/2020,73.17971801757812,73.61672993040291,72.67566760439335,72.96568281003115,39590000,GOOG
08/06/2020,74.49520874023438,74.60893245480757,72.80180291922724,73.08734734461783,39908000,GOOG
08/07/2020,74.21662139892578,75.32676885402968,73.57848646985086,74.49024635782685,31556000,GOOG
08/10/2020,74.29656982421875,74.69260992541598,73.15339190731413,73.85360202098929,25786000,GOOG
08/11/2020,73.51293182373047,74.98684662304764,73.39772291210686,74.11481579178248,29088000,GOOG
08/12/2020,74.81900024414062,75.10534032357577,73.75775819732756,73.77414841622821,28740000,GOOG
08/13/2020,75.40647125,76.34008469384933,74.88777354,75.00372505,29104000,GOOG
08/14/2020,74.87411499023438,75.57780319699117,74.63326289685403,75.26791971865897,27096000,GOOG
08/17/2020,75.38313293457031,75.76204020386658,74.88603120910088,75.21875337707803,27566000,GOOG
08/18/2020,77.40032958984375,77.59251114525708,75.66768730796404,75.79034493896614,40542000,GOOG
08/19/2020,76.85059356689453,78.14920195520233,76.67280933802655,77.13762318096366,33212000,GOOG
08/20/2020,78.54995727539062,78.75455840157392,76.38725949298082,76.64797229426455,34138000,GOOG
08/21/2020,78.48390961,79.34302820770624,77.86737832885545,78.31555943050128,28930000,GOOG
08/24/2020,78.87026977539062,80.15994419,78.49136251198364,79.15729937763432,28198000,GOOG
08/25/2020,79.86446380615234,80.03330652773612,78.56584792351784,78.56584792351784,44942000,GOOG
08/26/2020,82.05746459960938,82.39713539106306,79.63503884299774,79.85354477576797,79868000,GOOG
08/27/2020,81.16110229492188,82.18757864182183,80.73501720167734,82.12202534035183,37232000,GOOG
08/28/2020,81.66165924072266,81.79872176,80.9833028,81.11937267,29980000,GOOG
08/31/2020,81.15364837646484,81.83821090436959,80.96146681070046,81.83449033230153,36468000,GOOG
09/01/2020,82.47112274169922,82.72041619584756,81.05630528794843,81.27530374134646,36506000,GOOG
09/02/2020,85.82666016,86.06999008318721,82.75020970106817,83.11993297570446,50224000,GOOG
09/03/2020,81.53404998779297,84.90468375126595,80.20414625325805,84.90468375126595,62156000,GOOG
09/04/2020,79.01131439208984,81.69643848183921,76.85472372878253,80.66102066120379,52172000,GOOG
09/08/2020,76.09873199,77.66178886886009,75.88121873526735,76.15435113149405,52218000,GOOG
09/09/2020,77.31888580322266,77.91679155012265,76.28054315583707,77.34719549044677,35494000,GOOG
09/10/2020,76.08036041259766,78.66571837375648,75.77172722974485,77.50163402685257,32372000,GOOG
09/11/2020,75.51921081542969,78.22469569220368,74.35914248627901,76.27801809213614,31942000,GOOG
09/14/2020,75.44769287109375,77.66849552,75.27190152356143,76.42724145058008,33932000,GOOG
09/15/2020,76.54815673828125,77.44849721003351,76.07117338,76.27800988927446,26622000,GOOG
09/16/2020,75.52813720703125,77.56917013,75.47450338435272,77.24836743,26234000,GOOG
09/17/2020,74.26825714111328,74.90232288704672,73.00043632835278,74.29160354,37596000,GOOG
09/18/2020,72.50334167480469,74.63937440248993,71.36811253,74.39142214,62078000,GOOG
09/21/2020,71.07163239,71.92578773304085,69.84949659000128,71.51360750076257,57776000,GOOG
09/22/2020,72.77497863769531,72.97659421,71.23898878022005,72.01170073,31664000,GOOG
09/23/2020,70.27955627441406,72.55150718172865,69.90661251749657,72.44325445378254,33148000,GOOG
09/24/2020,70.92910766601562,71.69481799201958,70.01337722091985,70.07197433077626,29004000,GOOG
09/25/2020,71.75695037841797,72.00723650932608,70.18669474785692,71.14463971858872,26460000,GOOG
09/28/2020,72.72829437,73.33811955209461,71.97251821532628,73.20950598351357,40158000,GOOG
09/29/2020,72.96716309,73.33132446249498,72.44448717,73.01980425,19564000,GOOG
09/30/2020,72.98056793,73.98121976338362,72.49787115955114,72.84151253,34032000,GOOG
10/01/2020,73.99810791015625,74.44256845643194,73.45780665142134,73.70908542006934,35590000,GOOG
10/02/2020,72.42536163330078,73.65594628822517,72.05291047,72.60463861376776,25682000,GOOG
10/05/2020,73.79598999023438,73.90474282576275,72.71588004534517,72.81222087247086,22266000,GOOG
10/06/2020,72.17805480957031,73.83273158457062,71.93720274792433,73.27753291523796,24908000,GOOG
10/07/2020,72.51823425292969,72.94878241969614,71.31198861286119,72.71687185027592,34924000,GOOG
10/08/2020,73.79151916503906,73.99363485476923,72.75660166208563,72.75660166208563,23756000,GOOG
10/09/2020,75.24607849121094,75.31063155444552,73.96633807127485,74.22705091,28706000,GOOG
10/12/2020,77.92424011230469,79.15134684,76.10767659400082,76.62563172156159,49652000,GOOG
10/13/2020,78.04988098144531,78.95965548891367,77.62876681977845,78.64828682700247,32020000,GOOG
10/14/2020,77.87110137939453,78.84464084494188,76.99956316501067,78.3930271,38586000,GOOG
10/15/2020,77.42665100097656,78.21997396297216,76.72644842677744,76.83172319,30800000,GOOG
10/16/2020,78.11593627929688,78.51918265247532,77.61884207,77.76037536587512,28694000,GOOG
10/19/2020,76.20897674560547,78.86778362867038,75.88072533381943,78.48589839586765,32142000,GOOG
10/20/2020,77.26774597167969,78.33891463843625,75.76502881035636,75.83356008434386,44834000,GOOG
10/21/2020,79.12403106689453,80.38639610675189,78.04739909800621,78.13182046570503,51366000,GOOG
10/22/2020,80.21755219,80.54828904723067,78.71135710107104,79.11111777,28672000,GOOG
10/23/2020,81.49232482910156,81.55985585659518,80.47478258314635,80.75089294892422,27516000,GOOG
10/26/2020,78.98200225830078,81.35526481,78.28924088971746,80.69826185002869,37066000,GOOG
10/27/2020,79.66781616210938,79.79618726816781,78.60111827113761,79.24123854,24580000,GOOG
10/28/2020,75.31559753417969,77.53689261986658,75.21627872388264,77.45694200054528,36680000,GOOG
10/29/2020,77.82939147949219,79.14389753821341,75.59468419892224,75.60064014,40062000,GOOG
10/30/2020,80.49961853027344,83.77669215,79.67774345172971,83.03725312,86582000,GOOG
11/02/2020,80.74890137,82.47409469,80.25229981036927,80.85467622576333,50708000,GOOG
11/03/2020,81.94969177246094,82.52028804891705,80.28161019,81.03445385982764,33234000,GOOG
11/04/2020,86.86207580566406,87.96627484,84.72172405,84.93278125242438,71418000,GOOG
11/05/2020,87.56924438476562,89.07245394160914,86.93060935423904,88.44475330060617,41316000,GOOG
11/06/2020,87.48879242,88.01915956,86.42606524965649,87.10144375982115,33218000,GOOG
11/09/2020,87.55087280273438,90.28515986313533,87.40288344928055,88.93638807832393,45366000,GOOG
11/10/2020,86.42803955078125,87.55085646499839,85.28138370061504,85.96619616,52722000,GOOG
11/11/2020,87.03986358642578,87.61145255562555,86.77442995080564,86.90528648,25280000,GOOG
11/12/2020,86.89733123779297,87.81256914,86.68677415967848,86.78758573945446,24950000,GOOG
11/13/2020,88.24710845947266,88.44674633301669,86.63464579717845,87.28420012,29998000,GOOG
11/16/2020,88.46361541748047,89.34210224720016,87.78376619529506,87.98290392040381,24936000,GOOG
11/17/2020,87.90594482421875,88.64339861156786,87.74951408485073,88.24313778445598,22942000,GOOG
11/18/2020,86.74538422,88.07081723795302,86.71360401270928,87.66161491206606,23470000,GOOG
11/19/2020,87.59654998779297,87.87812376634645,86.25994785105497,86.32822905664568,24998000,GOOG
11/20/2020,86.51743317,88.09712277002718,86.50105053,87.66061104507605,46270000,GOOG
11/23/2020,86.15343475341797,87.09896780151934,85.30226481386683,86.88543271768849,43232000,GOOG
11/24/2020,87.84286499023438,87.97794220298789,85.79736134150096,85.93690930234852,31560000,GOOG
11/25/2020,87.96949768066406,88.32258068192824,87.23005870495021,88.04199957258817,20916000,GOOG
11/27/2020,89.05010986328125,89.58693308542536,88.01966297279354,88.05194329189372,17698000,GOOG
11/30/2020,87.43862915039062,88.79559205855108,87.15357729739341,88.45387537,36476000,GOOG
12/01/2020,89.29393768310547,90.62135589829055,87.86720065764494,88.11550147210329,34738000,GOOG
12/02/2020,90.77629089355469,91.15867625708412,88.86551586,89.29393477639073,24440000,GOOG
12/03/2020,90.71768951416016,91.73224619755354,90.51308838630666,90.58062699052718,24546000,GOOG
12/04/2020,90.77827453613281,91.03501671650999,90.23201731869553,90.60595371906307,27564000,GOOG
12/07/2020,90.35566711425781,90.99578730528738,89.67532535,90.33182817632303,26418000,GOOG
12/08/2020,90.30947875976562,90.47584362419694,89.19982398,89.88984981590424,21926000,GOOG
12/09/2020,88.60018157958984,91.09014584777552,87.78973343827575,89.98471167795182,30152000,GOOG
12/10/2020,88.16317749023438,88.46014125711915,86.42457170810688,87.88855230933521,27256000,GOOG
12/11/2020,88.48297882080078,88.61607070872348,87.40187623,87.55383619307894,24414000,GOOG
12/14/2020,87.40486145019531,89.25867611149724,87.26357823134042,88.14678589327933,32004000,GOOG
12/15/2020,87.78773498535156,87.96899729214239,86.90279211,87.6213777,29646000,GOOG
12/16/2020,87.55087280273438,88.04747445495914,87.20722379257133,88.04151093,30270000,GOOG
12/17/2020,86.80099487304688,87.98708439196274,86.34213697110056,87.82449312778864,32494000,GOOG
12/18/2020,85.96223449707031,87.1590462,85.42640396508894,87.11286109740938,80328000,GOOG
12/21/2020,86.37739562988281,86.45089776294904,84.37261358419228,85.09318455,36568000,GOOG
12/22/2020,85.58928680419922,86.27980519,85.04675017499646,86.13206591464636,18734000,GOOG
12/23/2020,86.03026580810547,86.80545558266448,85.66575589211847,85.81821597,20676000,GOOG
12/24/2020,86.35157012939453,86.70664604729721,85.86788063556062,86.16038123324647,6936000,GOOG
12/28/2020,88.20092773,88.92785635490118,86.72329217106092,86.98649046469971,27860000,GOOG
12/29/2020,87.33831024169922,89.01285537917839,87.20770378347709,88.78193746273251,25988000,GOOG
12/30/2020,86.38484954833984,87.65491344135812,85.69358089,87.50171073870466,26122000,GOOG
12/31/2020,86.99864959716797,87.34875466158964,86.18124524010686,86.18124524010686,20238000,GOOG
01/04/2021,85.82469177246094,87.43417649273451,84.81212021380934,87.27973106581473,38038000,GOOG
01/05/2021,86.45437622070312,86.78958386598626,85.31691166312802,85.66378872,22906000,GOOG
01/06/2021,86.17477416992188,86.80595280264617,84.37260065139218,84.55287028825961,52042000,GOOG
01/07/2021,88.75512695,88.81223129,86.26218471621473,86.41165925675016,45300000,GOOG
01/08/2021,89.74634552001953,89.87695199963167,88.07404306013555,88.79138604026096,41012000,GOOG
01/11/2021,87.7355957,89.10597089875891,87.42770513845433,88.69651857886376,24194000,GOOG
01/12/2021,86.73396301269531,88.29776268305017,85.67918459442328,87.09995819655241,27140000,GOOG
01/13/2021,87.12378692626953,87.65191867243024,86.30985313597574,86.33816282224139,21882000,GOOG
01/14/2021,86.41762543,88.14728975943747,86.08092503499249,87.08505511058986,23590000,GOOG
01/15/2021,86.21947479248047,87.20324395595209,85.49244780742124,86.31879359693272,26844000,GOOG
01/19/2021,88.93439483642578,89.84889015284965,86.48118168067656,87.01701979,34692000,GOOG
01/20/2021,93.70376586914062,94.53855311547629,90.65611726122195,90.95060319,49806000,GOOG
01/21/2021,93.91978454589844,96.08546052520303,93.71419074084986,94.25499216619674,41278000,GOOG
01/22/2021,94.40645599365234,94.89809436257674,93.44851097182695,94.13977963050202,25442000,GOOG
01/25/2021,94.32451629638672,95.82325512902538,92.74184863470315,95.38078743440725,38546000,GOOG
01/26/2021,95.21044922,95.59581256,93.5719124,93.80010242602992,26262000,GOOG
01/27/2021,90.91732788085938,93.85770876,89.83523249678757,93.48675031044843,54966000,GOOG
01/28/2021,92.52235412597656,94.29621076856037,91.50581198343595,91.57036505,35462000,GOOG
01/29/2021,91.16315460205078,92.23283044287375,89.89483355305028,91.68110976359064,32252000,GOOG
02/01/2021,94.42133331298828,95.46628342570634,91.91747216879315,92.04857115937433,32044000,GOOG
02/02/2021,95.72047424316406,97.12337247813356,95.07389788381526,95.47465125805209,45474000,GOOG
02/03/2021,102.80001831054688,105.10573483141508,100.23308126265648,102.94552222839214,82364000,GOOG
02/04/2021,102.41763305664062,103.2211326377597,101.43535658050057,102.74142132961343,37046000,GOOG
02/05/2021,104.18701934814453,104.41098867484233,102.26665873893617,102.7965333239075,30702000,GOOG
02/08/2021,103.93424987792969,105.45569096544332,102.89585419269478,104.5798334997149,24838000,GOOG
02/09/2021,103.46744537353516,104.54109937261362,103.22063733336277,103.22063733336277,17798000,GOOG
02/10/2021,104.05691528320312,104.70200641313257,102.45339416940318,103.9988183,22710000,GOOG
02/11/2021,104.08223724365234,104.38714984460405,103.16004314219794,104.2620067842716,18914000,GOOG
02/12/2021,104.49044799804688,104.72435149841463,103.44858173267288,103.8021573200339,17114000,GOOG
02/16/2021,105.3739013671875,106.90244264335044,104.50286319697666,104.50286319697666,22676000,GOOG
02/17/2021,105.69222259521484,105.95790629651489,104.23271264976394,104.28634647663638,21418000,GOOG
02/18/2021,105.1405029296875,105.91197226654648,104.47058778252092,104.80231732410832,22432000,GOOG
02/19/2021,104.34294891357422,105.80245872805783,104.1577159692045,105.24328938202082,29148000,GOOG
02/22/2021,102.54227447509766,103.86025099958376,102.40620460612473,102.64754922531432,27350000,GOOG
02/23/2021,102.83924865722656,103.39296222539039,99.42064156189565,100.56233433334488,33348000,GOOG
02/24/2021,104.04647827148438,104.32507407718936,101.2138653056676,101.39760547584478,24966000,GOOG
02/25/2021,100.8776626586914,104.0320784839666,100.37758297196469,102.66989460694384,36568000,GOOG
02/26/2021,101.15079498291016,102.84668609907402,100.1178627539614,101.8291514293757,41670000,GOOG
03/01/2021,103.36812591552734,103.61691926949968,101.60965936958632,102.12711438606556,28090000,GOOG
03/02/2021,103.08655548095703,104.50335839508823,102.85911562585606,103.10393835710568,22692000,GOOG
03/03/2021,100.6467514038086,103.71614744480857,99.81692747469612,102.65798194014774,29684000,GOOG
03/04/2021,101.75814056396484,103.75199578296944,100.32693280311365,100.4808856718216,42360000,GOOG
03/05/2021,104.71044158935547,105.18568971097893,101.62529942949482,102.95147492548972,43904000,GOOG
03/08/2021,100.52061462402344,105.71704868302214,100.3934786674873,104.34246029802235,32948000,GOOG
03/09/2021,101.93741607666016,103.19580287718115,101.69557133158327,102.7965347526403,33946000,GOOG
03/10/2021,102.0531234741211,103.04483391737877,100.9774842066455,102.8839324499317,25372000,GOOG
03/11/2021,105.01982879638672,105.56261554735316,102.91473520665973,102.99816391948156,24782000,GOOG
03/12/2021,102.39527893066406,103.80264769910053,101.68166418139225,103.54143476958741,34516000,GOOG
03/15/2021,102.62223052978516,102.65053263968963,101.48103793116822,102.41415129605637,25962000,GOOG
03/16/2021,103.91487884521484,105.45633217204819,102.79653257266413,103.24297844757093,29832000,GOOG
03/17/2021,103.84337615966797,104.77201879784445,102.00197340640412,103.09598826972228,25980000,GOOG
03/18/2021,101.1190185546875,103.06967432851934,100.98642676236462,102.34960344904361,27228000,GOOG
03/19/2021,101.46564483642578,101.95727558188297,100.19831655473305,101.40853292322431,46298000,GOOG
03/22/2021,101.23670959472656,102.20011797996682,100.6149648926867,101.3981111882897,39096000,GOOG
03/23/2021,101.95033264160156,102.91085399063236,101.26799792835693,101.88775731913691,27340000,GOOG
03/24/2021,101.55801391601562,103.20424957414686,101.38395782876545,102.56661476222142,23080000,GOOG
03/25/2021,101.52324676513672,102.2438101079927,99.85317231472266,101.54559292778008,28378000,GOOG
03/26/2021,101.08574676513672,101.85250287664876,100.01656345705436,101.25012633906871,29870000,GOOG
03/29/2021,102.09880828857422,102.22196603304431,100.09601163763863,100.7048441790118,24596000,GOOG
03/30/2021,102.07844543457031,102.83526730146805,101.50685650955424,102.18223498682858,20732000,GOOG
03/31/2021,102.72850036621094,103.9549553773567,102.13828584684074,102.25623024270668,29198000,GOOG
04/01/2021,106.16100311279297,106.41874552428902,104.13188971976611,104.18453088318891,33980000,GOOG
04/05/2021,110.52116394042969,111.10517244553472,106.84979327204692,106.91534656158078,43298000,GOOG
04/06/2021,110.4814453,111.12255816762938,109.98732156186315,110.36970692014786,27060000,GOOG
04/07/2021,111.7194824,111.98367335089904,110.51025860275394,110.54998764451138,25798000,GOOG
04/08/2021,112.50211334228516,113.42404976543713,112.11675002490396,113.12385798508923,27166000,GOOG
04/09/2021,113.51716613769531,113.67409697288231,111.91979815846193,112.06808302151235,20888000,GOOG
04/12/2021,111.97325134277344,112.99277149287661,111.16254546875925,112.54235492412799,31318000,GOOG
04/13/2021,112.59300231933594,113.08661840783515,112.03779598848432,112.30497245933866,23310000,GOOG
04/14/2021,111.9757080078125,113.12534188362673,111.69513447885198,112.98480884913563,20220000,GOOG
04/15/2021,114.0525131225586,114.54598524165246,112.52993533428274,113.07519993735319,27472000,GOOG
04/16/2021,114.10713195800781,114.53818027600758,113.44615836773826,114.36735223204192,22596000,GOOG
04/19/2021,114.33755493164062,115.1345984,113.6147486366865,113.82009236741743,24688000,GOOG
04/20/2021,113.90203094482422,114.69510372506849,112.81347961963155,114.6101822486045,21774000,GOOG
04/21/2021,113.8851547241211,113.98596631177932,112.16095377197585,113.48588658181055,23930000,GOOG
04/22/2021,112.62527465820312,114.40519313286548,112.05567104235782,113.88216865000673,21096000,GOOG
04/23/2021,114.97816467285156,115.50059051157784,113.13626957107749,113.39748249044062,28670000,GOOG
04/26/2021,115.5462875366211,116.26735863155254,114.90567475762384,115.20810194233374,20834000,GOOG
04/27/2021,114.57196044921875,116.07814801121411,114.43042716309434,116.00614622918422,31972000,GOOG
04/28/2021,118.18672180175781,121.78549247633474,117.93544300392479,119.53921415086738,59728000,GOOG
04/29/2021,120.6687240600586,120.99796812868365,119.29760626955547,119.6973744934554,39554000,GOOG
04/30/2021,119.68694305419922,120.53216450450056,119.29165314648273,119.40736216942547,39142000,GOOG
05/03/2021,118.94453430175781,120.16269958102548,118.41465968441923,119.31947096521989,33788000,GOOG
05/04/2021,116.91244506835938,118.15444173452738,114.79940262096032,117.68167902440736,35120000,GOOG
05/05/2021,117.03608703613281,118.30043735484581,116.77140358863262,117.61611735884537,21806000,GOOG
05/06/2021,118.25822448730469,118.32576309593807,116.3208825675592,116.73316133099752,20618000,GOOG
05/07/2021,119.11933898925781,119.99931866088252,118.68779053253948,119.18439216656684,23272000,GOOG
05/10/2021,116.28721618652344,118.09186782363435,115.94307465547669,117.9374224148402,26006000,GOOG
05/11/2021,114.65340423583984,115.3108997784846,113.37415640533781,113.81414624829634,32110000,GOOG
05/12/2021,111.19308471679688,113.49185266563957,110.74465348704614,112.31689449428335,34934000,GOOG
05/13/2021,112.32979583740234,113.05636817448878,111.37383623652822,112.28608859184449,26670000,GOOG
05/14/2021,115.0208740234375,115.2681821640389,113.39003607815347,113.81264300616404,26624000,GOOG
05/17/2021,115.28160095214844,115.37744167096106,113.97007284866895,114.68120976985234,19842000,GOOG
05/18/2021,114.38870239257812,116.36120398929212,114.37529014856742,116.0511235163191,17302000,GOOG
05/19/2021,114.65090942382812,115.0506700757916,112.40676818105861,112.45046784896128,19350000,GOOG
05/20/2021,117.0038070678711,117.21486427042537,115.26570140984182,115.61084317058365,23832000,GOOG
05/21/2021,116.45805358886719,117.64493126366465,116.32248381992106,117.49545670873583,22832000,GOOG
05/24/2021,119.515625,120.10211138815971,117.20344496256361,117.54560117294325,21244000,GOOG
05/25/2021,119.63480377197266,120.81771069476025,119.33286914222899,120.17759048740629,18838000,GOOG
05/26/2021,120.8494873046875,121.31699115358892,119.80587831729613,119.82176841667285,21856000,GOOG
05/27/2021,119.30904388427734,121.17079991286172,119.28371216920267,121.01883993257229,38962000,GOOG
05/28/2021,119.75846099853516,120.58182125613297,119.56627187105762,120.27492333979943,24108000,GOOG
06/01/2021,120.66475677490234,121.07003388087557,119.42673084469872,120.27690800906335,19166000,GOOG
06/02/2021,120.24115753173828,121.27011158120108,119.39295810261487,120.93788952957286,17158000,GOOG
06/03/2021,119.41333770751953,119.66834467464322,118.33174232326449,118.93709687084056,18346000,GOOG
06/04/2021,121.75479888916016,121.8590355229707,120.06684891549519,120.30273772114525,25948000,GOOG
06/07/2021,122.4664306640625,122.56128630571682,121.2240854567715,121.7329551336605,23850000,GOOG
06/08/2021,123.29873657226562,123.87702407383425,122.57320232387482,123.15224000185016,25060000,GOOG
06/09/2021,123.72332763671875,124.3987061448382,123.5212119286207,124.12557373759515,20126000,GOOG
06/10/2021,125.22306823730469,125.30550428934926,123.85244289546971,123.85294301307565,31234000,GOOG
06/11/2021,124.84217834472656,125.4907399632111,124.0654881083316,125.3879430603444,25240000,GOOG
06/14/2021,125.49321746826172,125.55231469981257,124.19708689260577,124.81536108339026,22550000,GOOG
06/15/2021,125.17637634277344,125.99974416164899,124.7944911057671,125.66205871009532,22182000,GOOG
06/16/2021,124.84217834472656,125.66355333242663,123.30613528265158,125.38942825811543,26316000,GOOG
06/17/2021,125.51209259033203,126.33198237451515,124.66190780284795,124.66985664188314,25756000,GOOG
06/18/2021,124.71404266357422,125.52996177651764,123.75609773304936,124.85110519296721,53306000,GOOG
06/21/2021,125.59552001953125,126.17331498529592,124.28374184346295,124.88537574855032,26256000,GOOG
06/22/2021,126.13631439208984,126.40497605682383,125.16992804070027,125.59054968356357,20984000,GOOG
06/23/2021,125.60198211669922,126.92740750510792,125.39390287154755,125.68988157932702,19694000,GOOG
06/24/2021,126.41690063476562,126.66867955155674,126.09709056514848,126.18995331608221,18934000,GOOG
06/25/2021,126.13184356689453,126.63837174489355,125.58458611628767,126.09409984468807,33484000,GOOG
06/28/2021,125.95753479003906,126.47151167816962,125.11757975464867,126.1368042060616,28110000,GOOG
06/29/2021,125.16197967529297,126.1368073504115,124.58442722113656,125.9108527114043,20950000,GOOG
06/30/2021,124.46426391601562,124.94497545455039,123.90955770269419,124.7995170032237,24006000,GOOG
07/01/2021,125.50959777832031,125.6029606,124.00116739401577,124.00116739401577,17120000,GOOG
07/02/2021,127.84410858154297,127.97224475877118,125.90736549829298,125.97738953222354,21160000,GOOG
07/06/2021,128.8889617919922,129.00170041222006,127.53621958987631,128.56964431273406,21350000,GOOG
07/07/2021,129.19337463378906,129.75194528767824,128.8780278023561,129.4550876,16680000,GOOG
07/08/2021,128.29901123046875,129.14869583747404,127.16973058817217,127.37830992763305,19780000,GOOG
07/09/2021,128.69383239746094,128.96697243610288,128.06712430125273,128.0681245366492,15106000,GOOG
07/12/2021,129.67657470703125,129.8811834116048,128.71913751570182,128.95104051528588,16944000,GOOG
07/13/2021,130.10415649414062,131.1445373973458,129.74907303244277,129.99191799148016,16618000,GOOG
07/14/2021,131.18479919433594,132.09208848666148,131.00154394314913,131.00502961200235,17912000,GOOG
07/15/2021,130.3743133544922,131.6937903398888,129.71036932726855,131.5994348157278,16586000,GOOG
07/16/2021,130.9493865966797,131.28458663861477,129.93234438607197,130.74627822512647,14856000,GOOG
07/19/2021,128.37550354003906,130.35495405691827,127.66338146690977,130.2640841948126,25710000,GOOG
07/20/2021,130.21043395996094,131.10415924897688,128.31033568347462,129.12038978411883,19084000,GOOG
07/21/2021,131.69923400878906,131.71587428440154,129.71382786408205,129.89806814697903,14742000,GOOG
07/22/2021,132.42230224609375,132.5971009211068,131.5001006,131.74840137199934,13608000,GOOG
07/23/2021,136.87928771972656,137.86504978505846,133.7849693061165,134.34066056062528,26378000,GOOG
07/26/2021,138.6953582763672,138.76338941877728,136.7154080354869,137.31033575356471,23052000,GOOG
07/27/2021,135.86672973632812,139.0593897679991,134.1817728140853,139.0593897679991,42164000,GOOG
07/28/2021,135.45457458496094,138.7266779687196,135.42329449629318,137.62025091766975,54688000,GOOG
07/29/2021,135.61245727539062,136.21931206381885,135.21269662785772,135.4536472130092,19284000,GOOG
07/30/2021,134.3019256591797,134.84853902782945,133.89789126835674,134.58996307973413,23954000,GOOG
08/02/2021,135.06521606445312,135.09599602984744,133.75418049265053,134.5636435707603,20140000,GOOG
08/03/2021,135.35374450683594,135.40886353152425,133.27149718319697,135.07564879525208,19064000,GOOG
08/04/2021,135.10394287109375,135.60997092214097,134.49460265400916,135.3234338643048,16528000,GOOG
08/05/2021,136.00926208496094,136.0191886621146,134.67837330254665,135.10395824854584,11866000,GOOG
08/06/2021,136.10459899902344,136.14835171271093,135.12182242222875,135.36863804228918,13560000,GOOG
08/09/2021,137.0640106201172,137.38134276324993,135.50146163088382,136.01817395812535,12374000,GOOG
08/10/2021,137.1578826904297,137.60979196627912,136.29380075368363,137.1409999333521,16034000,GOOG
08/11/2021,136.75364685058594,137.90402333162834,136.41646152740478,137.3431187518154,15204000,GOOG
08/12/2021,137.44888305664062,137.47719274112245,135.84934041818548,136.77698270251764,14646000,GOOG
08/13/2021,137.46530151367188,137.73147017710457,137.06702602115857,137.41712351554784,12580000,GOOG
08/16/2021,137.97181701660156,138.04580410850207,135.24026571710425,137.06204251560223,18040000,GOOG
08/17/2021,136.3673095703125,137.7756710534001,135.85779581736506,137.25174482040944,21272000,GOOG
08/18/2021,135.64178466796875,137.35406622148543,135.49379531221848,136.18356362124237,14934000,GOOG
08/19/2021,135.98294067382812,136.51777860048685,134.43603135275737,134.54676952198167,18296000,GOOG
08/20/2021,137.49607849121094,137.67237752864176,135.53946682383835,136.15127737495007,15564000,GOOG
08/23/2021,140.14048767089844,141.21066359063633,137.80492325587718,138.0537696568132,21090000,GOOG
08/24/2021,141.43064880371094,142.03551830058282,140.39275324615252,140.58146428481382,15126000,GOOG
08/25/2021,141.97842407226562,142.33896345618618,141.47139567258316,141.91187811031543,12838000,GOOG
08/26/2021,141.15704345703125,142.16196170308405,141.12576337046906,141.64917439256146,14922000,GOOG
08/27/2021,143.56802368164062,144.02538877791773,141.0547207159526,141.1465907982493,24562000,GOOG
08/30/2021,144.4807891845703,145.49386082231186,143.61720725668386,143.7209892450342,16916000,GOOG
08/31/2021,144.47332763671875,145.11890364656045,144.01446218702657,144.89295658963923,26756000,GOOG
09/01/2021,144.85072326660156,145.8225728736353,144.6247762272692,144.6600269358001,15824000,GOOG
09/02/2021,143.23880004882812,145.3304892667435,143.1270767867086,144.95753786176536,21844000,GOOG
09/03/2021,143.79098510742188,144.3888983959114,142.52962797359217,143.16626248612272,19104000,GOOG
09/07/2021,144.52993774414062,144.8328726093159,143.5585881394308,143.76566713276492,15170000,GOOG
09/08/2021,143.8987579345703,144.56171684076733,143.2199013510936,144.40528612114758,15486000,GOOG
09/09/2021,143.9285430908203,144.67940140119842,143.45230993822526,143.8987482086283,14798000,GOOG
09/10/2021,140.95639038085938,145.02652891413865,140.77810604961306,144.45494001263526,32896000,GOOG
09/13/2021,142.48989868164062,143.2109621702205,141.3154407041508,142.2277006653746,20176000,GOOG
09/14/2021,142.4313201904297,143.74382588138897,141.93421841606153,143.18117838664207,18916000,GOOG
09/15/2021,144.21905517578125,144.5920064872075,141.2891088151266,142.78189914089353,20648000,GOOG
09/16/2021,143.39222717285156,144.21310198161322,142.4415794297702,144.13464414195738,20292000,GOOG
09/17/2021,140.5019989013672,143.26905847253187,140.10272322147418,142.82111983780183,60040000,GOOG
09/20/2021,138.07212829589844,138.41528473171914,136.12147271475675,138.05544255479353,34918000,GOOG
09/21/2021,138.6973419189453,139.85452299429053,137.96138105953787,139.16464872467466,18130000,GOOG
09/22/2021,139.9805908203125,140.62119603940354,138.52380878375874,139.0986258018544,22068000,GOOG
09/23/2021,140.8625488,141.28560285700897,140.13749954100814,140.64701329530078,17272000,GOOG
09/24/2021,141.66355895996094,141.93222820638988,139.89317290234948,139.98802854389947,14950000,GOOG
09/27/2021,140.5392608642578,141.5314638843748,139.5450573737169,140.62317453651056,18844000,GOOG
09/28/2021,135.25839233398438,138.65763094362842,134.77767324858462,138.1431463436552,42190000,GOOG
09/29/2021,133.6066895,136.46463420712936,133.33753525421145,136.17779403129396,26338000,GOOG
09/30/2021,132.3597412109375,134.66843580325542,132.09604281719245,133.4120341977011,35294000,GOOG
10/01/2021,135.5349884033203,136.13935777628745,132.47096495519594,132.64676386505874,28388000,GOOG
10/04/2021,132.8558349609375,134.77768086582554,130.27500074672346,134.7771807482116,31530000,GOOG
10/05/2021,135.25144958496094,136.4283930868425,133.08924403125957,133.08924403125957,24126000,GOOG
10/06/2021,136.42042541503906,136.91504166065658,133.57240758381454,133.71047033460584,19764000,GOOG
10/07/2021,138.23948669433594,139.2018493215567,137.62122011994975,137.91918411443467,18250000,GOOG
10/08/2021,139.1040802001953,139.36330783586791,138.48169139330832,138.95510576823614,18924000,GOOG
10/11/2021,137.90377807617188,139.8069072270241,137.86305638327954,138.84980347081938,16584000,GOOG
10/12/2021,135.78379821777344,138.7455402,135.3239476426631,138.6884207411116,22536000,GOOG
10/13/2021,136.9627227783203,137.60831398700387,136.0455070894087,136.81374835212816,16380000,GOOG
10/14/2021,140.4508514404297,140.6887255432517,138.39194317635042,139.0007681210923,21426000,GOOG
10/15/2021,140.7120819091797,141.23350758465287,140.10572716652774,141.23350758465287,21250000,GOOG
10/18/2021,141.9888458251953,142.0268396,140.25372547347456,140.25372547347456,16564000,GOOG
10/19/2021,142.8444824,143.12753382712847,142.1234037763773,142.3175858000167,15316000,GOOG
10/20/2021,141.44705200195312,143.26735906668853,140.94747991854814,143.24227740796886,17940000,GOOG
10/21/2021,141.8100586,141.87858986031384,140.6743218295836,141.22555751262792,14850000,GOOG
10/22/2021,137.68280029296875,140.59636420413273,136.23818786571272,139.39706703841122,30182000,GOOG
10/25/2021,137.8297882080078,138.25964686111496,135.81905782730348,137.86703939152696,21082000,GOOG
10/26/2021,138.72267150878906,139.88223197686045,138.06069771027956,139.65032897629285,28258000,GOOG
10/27/2021,145.43226623535156,148.10447021617642,138.9516062974403,138.9516062974403,51850000,GOOG
10/28/2021,145.1358184814453,146.42251519260307,143.77960541243874,146.29786464904376,32418000,GOOG
10/29/2021,147.26272583007812,147.60291186449984,144.17983441117272,144.53093210170812,28954000,GOOG
11/01/2021,142.79681396484375,147.39087936586967,142.60363216365525,147.15796094565582,32272000,GOOG
11/02/2021,144.8716278076172,145.92193550800826,143.65793318413486,143.82518465275882,21150000,GOOG
11/03/2021,145.79229736328125,145.91199217548765,144.06760393285256,145.28079829936905,17886000,GOOG
11/04/2021,147.67242431640625,148.9308110245622,145.63834011962814,146.1995023306453,24700000,GOOG
11/05/2021,148.22665405273438,149.54737380602026,147.6416528111932,148.33839245728046,20408000,GOOG
11/08/2021,148.3363800048828,150.00793955344773,148.10644717379196,148.98047078535743,18388000,GOOG
11/09/2021,148.23410034179688,149.3564097124549,146.5044360276713,148.72821653544935,16876000,GOOG
11/10/2021,145.6294403076172,147.6893339766813,144.33727269624433,147.00377876436102,22708000,GOOG
11/11/2021,145.75059509277344,147.49291393369234,145.69746138492712,146.10714864226023,12464000,GOOG
11/12/2021,148.62838745117188,148.8409374295706,145.4585815059369,146.82672138828437,17048000,GOOG
11/15/2021,148.37266540527344,149.4542683602526,147.64216020503375,148.9805053822705,16248000,GOOG
11/16/2021,148.06277465820312,148.81413317433152,147.34171114537742,148.1566300636326,17254000,GOOG
11/17/2021,148.04885864257812,148.6090358208911,147.5532572551044,148.21473098023026,15290000,GOOG
11/18/2021,149.68466186523438,150.57953892529528,147.98579274933263,148.13228173562428,26658000,GOOG
11/19/2021,148.9333038330078,150.81791359337745,148.86874319950553,149.97368480232643,19766000,GOOG
11/22/2021,146.0788574,149.71994106936566,146.0063404,149.1212851153036,24608000,GOOG
11/23/2021,145.7595215,146.6901493393652,143.90470668240786,146.11310460168698,18126000,GOOG
11/24/2021,145.72027587890625,146.00085696950208,144.2121032629543,145.35528101091933,16464000,GOOG
11/26/2021,141.83538818359375,144.3094549,141.51707089517092,144.0298739957344,16992000,GOOG
11/29/2021,145.1208953857422,145.86381249404158,143.3177289782317,143.3177289782317,26276000,GOOG
11/30/2021,141.4837646484375,145.63187584201782,141.10038667362466,144.46164628589955,41590000,GOOG
12/01/2021,140.65545654296875,145.50343,140.53826231589287,143.23232011627715,28476000,GOOG
12/02/2021,142.79930114746094,143.69169287261596,140.0237846584891,140.8600723,21250000,GOOG
12/03/2021,141.5518035888672,144.22600794716539,140.19061999154394,143.5133858921721,26688000,GOOG
12/06/2021,142.8191375732422,143.37037323007655,139.69105367175214,142.59816137902388,22198000,GOOG
12/07/2021,147.03033447265625,147.2920475344647,144.7121984110845,144.9580137948666,23258000,GOOG
12/08/2021,147.70968627929688,148.14271234135333,146.19951300271396,147.32332270438113,18964000,GOOG
12/09/2021,147.0993652,148.58816989341202,146.52629107389916,147.1688815821325,18580000,GOOG
12/10/2021,147.66448974609375,148.38455297770417,146.35593967200518,148.08660413983958,21634000,GOOG
12/13/2021,145.70736694335938,147.5527400569727,145.36521076851542,147.4350457,24104000,GOOG
12/14/2021,143.9851837158203,144.4534757,141.27571311088354,143.7860459692288,24778000,GOOG
12/15/2021,146.36685180664062,146.5145835,141.7355512965528,143.3847570535663,27280000,GOOG
12/16/2021,143.85409545898438,147.5418572355236,143.11316352048394,147.07057966359585,27400000,GOOG
12/17/2021,141.83238220214844,143.47822359155316,140.82428161852218,141.74448275409551,43404000,GOOG
12/20/2021,141.4336395263672,141.64121864546996,139.2967582112902,139.72343430964892,20264000,GOOG
12/21/2021,143.24029541015625,143.70863288288558,140.77168424189168,142.1770603820272,19548000,GOOG
12/22/2021,145.95021057128906,146.30179320086955,142.98449841278077,143.12057584848935,18438000,GOOG
12/23/2021,146.14242553710938,147.5628051367036,145.95207772738388,146.08977678782702,13818000,GOOG
12/27/2021,147.05764770507812,147.41768692965346,146.24918483206406,146.4612347049545,13256000,GOOG
12/28/2021,145.45262145996094,147.3660258639741,144.9436078468954,147.3660258639741,18624000,GOOG
12/29/2021,145.5087432861328,146.18337160619822,144.51554006061764,145.43425607523488,17022000,GOOG
12/30/2021,145.01016235351562,146.06295539127672,144.76781748297324,145.45461535948124,12978000,GOOG
12/31/2021,143.6961669921875,145.37021231289992,143.6941816766733,144.55479321945577,17298000,GOOG
01/03/2022,144.0884552001953,144.56073291327203,142.52714869707975,143.49352743635552,25214000,GOOG
01/04/2022,143.4349365234375,145.6135245103162,142.8386599633397,144.56123164081836,22928000,GOOG
01/05/2022,136.71791076660156,143.31725067199832,136.58878949088935,143.20104152385736,49642000,GOOG
01/06/2022,136.61611938476562,138.7366183989492,135.83398077968414,136.56298566875842,29050000,GOOG
01/07/2022,136.07330322265625,137.3150496498337,134.86606490686677,136.96768011925698,19408000,GOOG
01/10/2022,137.63214111328125,137.69768682416424,132.23556950904512,134.1807540369648,34096000,GOOG
01/11/2022,139.0658416748047,139.3757175812923,135.88362358821269,137.24132167763923,23502000,GOOG
01/12/2022,140.68524169921875,141.8435746287931,140.1528893,140.59238653568121,23642000,GOOG
01/13/2022,138.18536376953125,142.2123108764727,137.9698433838269,140.87645123802994,26566000,GOOG
01/14/2022,138.83641052246094,140.24080142733288,136.5654521731575,136.5654521731575,23826000,GOOG
01/18/2022,135.36415100097656,136.45766560995995,134.69523619519305,135.67155659072944,27382000,GOOG
01/19/2022,134.72999572753906,137.45883429829988,134.57903599165317,136.0077658521999,20796000,GOOG
01/20/2022,132.59909057617188,136.97464981865753,132.23955148290565,135.58615663934722,21930000,GOOG
01/21/2022,129.20779418945312,133.84456641229514,129.11742445284216,132.10794589942407,41920000,GOOG
01/24/2022,129.4858856201172,129.88963206882565,123.7947899,125.17091648897643,55148000,GOOG
01/25/2022,125.87411499023438,128.4594276386586,125.5190466245286,127.56256516846774,36008000,GOOG
01/26/2022,128.36160278320312,131.9048453287655,126.28928199088688,129.7049036078902,39630000,GOOG
01/27/2022,128.24337768554688,131.70861620680722,128.06857903474034,130.46814289608963,30248000,GOOG
01/28/2022,132.38357543945312,132.46401860176192,127.81980509066949,129.11642823265385,30518000,GOOG
01/31/2022,134.77618408203125,134.9202027873915,131.37496025728166,133.28587918578657,34056000,GOOG
02/01/2022,136.9413604736328,137.26067796683688,133.65361785494792,136.89816850136742,51204000,GOOG
02/02/2022,147.03033447265625,151.06622298026883,144.56817969394015,150.83131925347337,89750000,GOOG
02/03/2022,141.68093872070312,148.10419162889508,141.23847103420349,144.30746546228593,56930000,GOOG
02/04/2022,142.04396057128906,143.55287598104576,138.86719844155502,142.0449456514039,49224000,GOOG
02/07/2022,137.99368286132812,142.86881432216353,137.75630885004662,142.73225190017172,44610000,GOOG
02/08/2022,138.2667999267578,138.88665780131754,135.94270798535706,138.0465663228581,34256000,GOOG
02/09/2022,140.4915771484375,141.20917010781585,139.42288648916647,139.89242112628284,28628000,GOOG
02/10/2022,137.6604461669922,140.46972797265894,137.11171107310065,138.5518527480684,33018000,GOOG
02/11/2022,133.21836853027344,138.33658768929035,132.382581,137.80696310064772,38808000,GOOG
02/14/2022,134.38040161132812,135.24101306880664,132.39598044356626,132.4590407262818,26792000,GOOG
02/15/2022,135.4982452392578,136.96271070032822,134.61826565695532,136.53712581045966,26578000,GOOG
02/16/2022,136.5530242919922,137.0084040671566,133.90728113475527,135.50320174855534,25610000,GOOG
02/17/2022,131.40924072265625,135.9094355299163,131.3034582669167,135.22462294717934,30968000,GOOG
02/18/2022,129.5807342529297,132.91442702027302,129.42137861017235,132.1332736916678,31858000,GOOG
02/22/2022,128.5229949951172,131.00427573214853,126.87278857161775,129.1015401995207,38906000,GOOG
02/23/2022,126.71784210205078,130.85353451997378,126.63689882164768,130.18760516513512,26432000,GOOG
02/24/2022,131.77174377441406,132.13278321849418,123.91651024825589,124.15040615809976,43166000,GOOG
02/25/2022,133.60519409179688,134.46879103459742,130.8694146358547,132.61794687073737,26236000,GOOG
02/28/2022,133.9741973876953,134.71859977074612,131.92248747870286,132.3786099,29676000,GOOG
03/01/2022,133.2561035,135.1858907943642,132.47196451652619,133.5659794382893,24640000,GOOG
03/02/2022,133.8356170654297,134.69374305838318,132.5255818,133.6933411912823,23966000,GOOG
03/03/2022,133.3951416015625,135.78459743953013,132.5241034,135.05428933843208,19780000,GOOG
03/04/2022,131.22398376464844,133.28687778916031,129.52212915672018,132.47592958022818,24446000,GOOG
03/07/2022,125.60494995117188,131.0074853919255,125.55082358816587,131.0074853919255,39178000,GOOG
03/08/2022,126.41340637207031,130.35443864546454,125.00528756027802,125.39239368862908,35250000,GOOG
03/09/2022,132.95614624023438,133.28639057084638,129.20382440838281,130.50690358230835,32258000,GOOG
03/10/2022,131.78018188476562,132.63085149826614,130.50788288078218,130.56895784011672,24266000,GOOG
03/11/2022,129.5886993408203,133.2878877989162,129.41091509080528,133.08875004039623,26600000,GOOG
03/14/2022,125.87957763671875,130.13545744347022,125.55381161986101,129.68553343572566,30254000,GOOG
03/15/2022,128.77923583984375,129.63014804550917,125.70774845532965,126.87327251796893,30292000,GOOG
03/16/2022,132.78184509277344,132.86178813394216,128.3228571601054,130.10962580669315,32058000,GOOG
03/17/2022,133.68565368652344,133.82371646057518,131.81694145631218,132.41485480698876,23994000,GOOG
03/18/2022,135.87168884277344,135.9829271185476,132.02849734524702,132.97402268932734,45900000,GOOG
03/21/2022,135.55087280273438,136.6473729303608,133.69655820720334,135.91736802866302,26632000,GOOG
03/22/2022,139.32406616210938,140.53826078027453,135.5722445,135.5722445,29776000,GOOG
03/23/2022,137.56211853027344,139.07327688827186,137.22741861816172,138.19281228361012,25302000,GOOG
03/24/2022,140.35153198242188,140.43546080800826,137.10117679824126,138.32590416951496,20544000,GOOG
03/25/2022,140.5596160888672,140.99464263672576,138.74999354923477,140.7905340303311,19270000,GOOG
03/28/2022,140.98521423339844,141.01153860840063,138.87779419040578,139.72831246875776,23774000,GOOG
03/29/2022,142.2763672,143.18267122550785,141.5155670635571,142.18748264880705,28678000,GOOG
03/30/2022,141.67498779296875,142.50530429066097,141.20172496917644,141.89894955837167,21046000,GOOG
03/31/2022,138.70034790039062,141.6749868930872,138.6700528965879,141.48031989766645,29516000,GOOG
04/01/2022,139.74368286132812,139.99198365360309,137.85361735177182,139.05837024983683,23480000,GOOG
04/04/2022,142.66619873046875,143.06471668231862,139.8673436245369,139.8673436245369,19076000,GOOG
04/05/2022,140.10423278808594,142.6140502336185,139.98553821089865,142.42485422983833,19256000,GOOG
04/06/2022,136.24362182617188,138.89795768736923,135.49088433500847,138.21563068129603,23574000,GOOG
04/07/2022,135.53746032714844,136.76556714091896,133.94064564684672,135.68942028348485,19448000,GOOG
04/08/2022,133.0996551513672,135.32393565189548,132.84341309108885,135.32393565189548,16434000,GOOG
04/11/2022,128.91429138183594,132.03563123998683,128.7365071622012,131.99669784468878,24188000,GOOG
04/12/2022,127.50196838378906,131.5234443825534,126.7088955200656,131.5234443825534,23004000,GOOG
04/13/2022,129.40048217773438,129.76772007214777,127.56564150777218,127.75226116078501,19542000,GOOG
04/14/2022,126.3880844116211,129.82183863957255,126.2475513730144,129.7615062739203,23484000,GOOG
04/18/2022,127.09127807617188,127.83718073982732,125.71812943757428,126.5440282,14918000,GOOG
04/19/2022,129.64382934570312,130.0140376416202,126.58525381886739,127.2064984385817,22720000,GOOG
04/20/2022,127.37384796142578,131.02684338606394,127.02478860174018,130.39169402041003,22610000,GOOG
04/21/2022,124.08832550048828,129.4218218649713,123.80278109438417,128.47084070725919,30158000,GOOG
04/22/2022,118.8010025024414,124.59932764537476,118.33072528694487,124.15039635679088,46410000,GOOG
04/25/2022,122.41230010986328,122.44010967951982,117.96200363333601,118.61776389439238,34522000,GOOG
04/26/2022,118.69374084472656,121.9156953668597,118.35193320549877,121.9156953668597,49394000,GOOG
04/27/2022,114.23873901367188,116.7013863853642,112.3553793997809,113.59564079374665,62238000,GOOG
04/28/2022,118.59989166259766,119.61991184829955,114.36129636849266,116.31899919439246,36790000,GOOG
04/29/2022,114.18511199951172,118.15146932582664,113.91446499658491,116.77886611846985,33694000,GOOG
05/02/2022,116.36070251464844,116.54196482269275,112.62874187342346,113.13229964353242,30280000,GOOG
05/03/2022,117.32659912109375,118.48914516775888,115.83430888353642,115.97137141053472,21216000,GOOG
05/04/2022,121.74188995361328,122.30603020906693,114.95186119399109,117.20146603433236,33232000,GOOG
05/05/2022,115.95301055908203,120.40927092964644,114.39964515981488,119.40339795378193,43090000,GOOG
05/06/2022,114.87388610839844,116.69988358969378,113.3671909691171,114.73383803100742,35310000,GOOG
05/09/2022,112.31539154052734,114.77744009456256,111.78650961830348,112.5333973417535,34520000,GOOG
05/10/2022,113.80570220947266,115.89788360569034,112.6126640760728,115.2517998529397,31158000,GOOG
05/11/2022,113.18643951416016,115.87801954066781,112.8775562590806,112.93764614973588,36502000,GOOG
05/12/2022,112.39187622070312,114.07584796875001,109.36508870592871,111.17718906861133,41464000,GOOG
05/13/2022,115.72357940673828,117.28240813192909,113.22517365203589,114.06492417413358,29738000,GOOG
05/16/2022,114.01229095458984,115.81494975666094,113.55789621016481,114.59977002840716,23282000,GOOG
05/17/2022,115.90830993652344,116.43073582008283,114.55358226893068,116.43073582008283,21576000,GOOG
05/18/2022,111.63704681396484,114.90930135246086,111.37980448800577,114.45427007892951,27982000,GOOG
05/19/2022,109.99279022216797,112.81547673433059,109.71717995492365,111.08084912114552,29192000,GOOG
05/20/2022,108.57003021240234,111.78502864263129,105.65001023718413,111.32368530938997,37586000,GOOG
05/23/2022,110.90752410888672,111.24422448770753,108.41235409853408,109.35564407147166,31558000,GOOG
05/24/2022,105.20604705810547,105.67185355002357,101.51331517236112,105.65447825255532,60386000,GOOG
05/25/2022,105.1201400756836,105.82054723003904,103.50295669689453,104.4273786589379,37900000,GOOG
05/26/2022,107.5599365234375,108.21471170512069,104.77102313819857,105.32969996489847,30288000,GOOG
05/27/2022,112.03234100341797,112.10086469507475,108.80542298250522,109.04229687404464,29924000,GOOG
05/31/2022,113.26390838623047,115.6421343273915,111.80737646758043,112.31043416286929,51302000,GOOG
06/01/2022,113.36124420166016,116.60107434304759,112.77872841478492,114.1503464533685,28630000,GOOG
06/02/2022,116.94571685791016,117.09668418245016,112.5378771374728,113.41190088298013,27472000,GOOG
06/03/2022,113.78534698486328,115.57360851409273,112.89543312120415,115.20413524599934,25052000,GOOG
06/06/2022,116.2152099609375,118.58697986846538,115.73628672302861,115.94903372597989,23786000,GOOG
06/07/2022,116.43272399902344,116.94834526478968,114.34302799093058,114.86197579662087,26414000,GOOG
06/08/2022,116.44115447998047,117.8395892989397,115.90358113204536,116.0821155279787,22544000,GOOG
06/09/2022,114.13693237304688,117.54560519921974,114.08627652096877,115.55075728502685,23142000,GOOG
06/10/2022,110.67015075683594,112.72558859918094,110.10750330953636,112.01470175076729,31324000,GOOG
06/13/2022,106.15009307861328,108.47617042658251,105.86360145932794,106.71571852617872,36756000,GOOG
06/14/2022,106.4654312133789,107.72033996425871,105.6291512136606,106.16349657161695,25480000,GOOG
06/15/2022,109.64020538330078,111.30133841155991,107.38389452427676,108.15933443940176,33192000,GOOG
06/16/2022,105.91122436523438,108.5476776894181,105.0734591737636,107.41443392201762,35314000,GOOG
06/17/2022,107.13236999511719,108.50695842698342,104.91062020376842,105.81091527153718,43516000,GOOG
06/21/2022,111.25365447998047,111.90717932842622,108.55065539900443,108.95637956806154,39010000,GOOG
06/22/2022,111.27252197265625,112.99623021836342,109.97172375218761,110.40744739575729,23922000,GOOG
06/23/2022,111.91861724853516,112.42713836119685,110.27436690601084,112.18230805303997,24710000,GOOG
06/24/2022,117.73233032226562,117.83114901539105,112.83086706945218,112.83086706945218,39122000,GOOG
06/27/2022,115.829834,118.43947773196082,115.21231003618294,118.12661630936586,32840000,GOOG
06/28/2022,111.80638885498047,117.0554643974944,111.67975300839639,115.56019602922068,28232000,GOOG
06/29/2022,111.49351501464844,112.89194226797524,110.7957903744075,111.3862473719189,18628000,GOOG
06/30/2022,108.62911987304688,110.5731224594056,106.58063817299123,109.74845884295402,38046000,GOOG
07/01/2022,108.33961486816406,109.06003434143159,106.3770471282448,107.60066830926613,31028000,GOOG
07/05/2022,113.11294555664062,113.27741605898653,105.52735078631547,106.78375993547321,36398000,GOOG
07/06/2022,114.4304199,115.56117820891916,111.48756133312514,113.31654439216729,28852000,GOOG
07/07/2022,118.49510192871094,119.04732267098471,114.74873626836842,115.2195211975183,32184000,GOOG
07/08/2022,119.35175323486328,119.61643670027902,116.71529223270001,116.75105064304346,29082000,GOOG
07/11/2022,115.73052215576172,117.98708304067769,115.4444776257993,117.84356444687418,26718000,GOOG
07/12/2022,114.06890106201172,117.04851086046862,113.83599022833464,116.04438078226042,24970000,GOOG
07/13/2022,111.42449188232422,114.37430681051723,111.06296746769611,111.8734232163138,38958000,GOOG
07/14/2022,110.68256378173828,111.22634312396899,108.58243373717531,110.07273103343994,32366000,GOOG
07/15/2022,112.00054168701172,113.22566302710332,111.06246509935403,112.19520866227708,34330000,GOOG
07/18/2022,109.16297149658203,114.0197347,108.55711691536104,112.66897771337737,33354000,GOOG
07/19/2022,113.84095001220703,114.02965346167933,109.74895022608953,110.97059345865087,30992300,GOOG
07/20/2022,113.92039489746094,115.53932083360182,112.49018755657762,113.28474550650425,26780100,GOOG
07/21/2022,114.25810241699219,114.42694515033254,111.14937898253623,114.30775803280672,27267800,GOOG
07/22/2022,107.6235122680664,112.41075196321306,106.86867562380985,111.05006068807873,44455300,GOOG
07/25/2022,107.47451782226562,109.82841214424514,106.28267700818483,108.13996215050174,28289900,GOOG
07/26/2022,104.72335052490234,107.00771339710231,104.04797202843905,106.69982282199996,36626600,GOOG
07/27/2022,112.8278809,113.62244644232638,107.68308803248917,108.85506809969603,41474600,GOOG
07/28/2022,113.81116485595703,113.92041782741244,111.09078253730561,112.0333375805428,23303800,GOOG
07/29/2022,115.84722137451172,116.10545632985595,112.46040238141096,112.62924510786948,31336200,GOOG
08/01/2022,114.69511413574219,116.3239668523193,113.91048266241526,114.74476975149842,22856200,GOOG
08/02/2022,115.11225128173828,116.28423134950035,113.48339865570138,113.65224137945837,17911000,GOOG
08/03/2022,117.97268676757812,118.60833627340719,115.36056481635995,115.54926829064244,25302800,GOOG
08/04/2022,118.06206512451172,118.68778040206465,116.90994579468722,117.49593961314318,15757700,GOOG
08/05/2022,117.41648864746094,118.05213811703545,115.9167496,116.13525555416687,15615700,GOOG
08/08/2022,117.33704376220703,120.03855810041402,117.02915314694705,118.3103864,17061100,GOOG
08/09/2022,116.70137023925781,117.39660941392303,115.76775685253138,117.18803766152347,15424300,GOOG
08/10/2022,119.8299789428711,120.95229593723543,118.54874578423936,118.77717829844902,20497000,GOOG
08/11/2022,119.0056152,121.50848413489655,118.73745368620968,121.25025674111944,16671600,GOOG
08/12/2022,121.81637573242188,121.81637573242188,119.5816685005584,120.33650506503213,16121100,GOOG
08/15/2022,122.04481506347656,122.42223715562085,120.74372120486865,121.37937069132897,15525000,GOOG
08/16/2022,121.67733001708984,122.39044466336478,120.70895838185088,121.48861897828559,15626200,GOOG
08/17/2022,119.50220489501953,121.31976851143936,119.38301778692126,120.10805943382614,17589200,GOOG
08/18/2022,120.03854370117188,120.86290420560644,118.73744988691108,119.41282839044769,15652000,GOOG
08/19/2022,117.31716918945312,119.18438854880354,116.8702231858715,119.05527485578983,20187000,GOOG
08/22/2022,114.28789520263672,115.70817612252117,113.89061239572106,115.31089331560553,19316000,GOOG
08/23/2022,113.98992919921875,115.14204856126693,113.52313005515352,113.54299078525749,14390700,GOOG
08/24/2022,113.92039489746094,114.93048835124247,113.0066498,113.67209411732041,16051200,GOOG
08/25/2022,116.9000244140625,116.97948249601619,114.2680417528194,114.36736056649163,14874700,GOOG
08/26/2022,110.54352569580078,115.80749841902875,110.4640676165158,115.02286693555347,31698700,GOOG
08/29/2022,109.59004211425781,111.19903409464067,109.06364560826388,110.02705396566685,20386100,GOOG
08/30/2022,109.16297149658203,110.61304731436921,108.06051529649395,110.27535427321912,20548200,GOOG
08/31/2022,108.40813446044922,111.01032208279608,108.30881565259938,110.87127423629843,25898000,GOOG
09/01/2022,109.79862976074219,110.4640742,107.45466932566379,108.45779922032823,22784400,GOOG
09/02/2022,107.94132995605469,110.91597642992579,107.39506513529723,110.58324667157567,20618100,GOOG
09/06/2022,106.74948120117188,108.13995959219132,105.78607290343774,107.40002807215717,20565100,GOOG
09/07/2022,109.7291030883789,110.23563131172003,106.8835701995673,107.02758892040058,22987200,GOOG
09/08/2022,108.6762924194336,109.82841176964932,107.32553546006159,108.43792577293826,21660700,GOOG
09/09/2022,111.0202637,111.2387696103016,109.25236301011765,109.30202620613818,21732900,GOOG
09/12/2022,111.10964965820312,111.87441282213105,110.17603618382878,111.22882919788367,19732900,GOOG
09/13/2022,104.59423065185547,108.6266409540578,104.28634007264407,108.14990006532268,33015000,GOOG
09/14/2022,105.15042877197266,105.37886127163304,103.78973761787205,104.72335107963008,22115800,GOOG
09/15/2022,103.19383239746094,105.48812977377709,102.60783846464375,104.29628875225866,26494900,GOOG
09/16/2022,102.92565155029297,103.32293437151624,101.16272181821269,102.27014133618319,64540100,GOOG
09/19/2022,103.14415740966797,103.31300014587099,101.67422082295761,101.84306355916064,19738600,GOOG
09/20/2022,101.13788604736328,102.46877472936795,100.43271266812418,102.18074488530593,24001700,GOOG
09/21/2022,99.33025360107422,102.78659647442252,99.31038529376288,101.5450924813298,26596800,GOOG
09/22/2022,99.88645172,100.98890794782774,98.73433988,98.77406134022748,21272700,GOOG
09/23/2022,98.49596405029297,99.42957752599564,97.34385222568528,99.37991433269849,25657000,GOOG
09/26/2022,98.13841247558594,99.75733865187506,97.71133476729084,97.93977485,22437900,GOOG
09/27/2022,97.42330169677734,99.77719609,96.67839927042913,99.23093885915345,24225000,GOOG
09/28/2022,100.05529022216797,100.7108079843318,97.13527791,97.35377625241257,24617000,GOOG
09/29/2022,97.42330169677734,98.62508427952042,95.86397292,98.62508427952042,21921500,GOOG
09/30/2022,95.49649047851562,98.81776378192643,95.37730336500027,97.06575337420826,26277800,GOOG
10/03/2022,98.62509155273438,99.29053595,96.36058164450401,96.55922685,24840000,GOOG
10/04/2022,101.71395111083984,102.02184170152195,100.35325989509371,100.35325989509371,22580900,GOOG
10/05/2022,101.52523803710938,102.0417003960936,99.06209062819975,100.00563826788984,18475500,GOOG
10/06/2022,101.54510498046875,103.02498337822091,100.81013664780187,100.81013664780187,17156200,GOOG
10/07/2022,98.89324951171875,100.7306740498155,98.53569572751684,99.96591086,24249900,GOOG
10/10/2022,98.03910064697266,99.31039970801406,97.20481347974177,99.17135184680892,16529900,GOOG
10/11/2022,97.38357543945312,99.43950573181782,96.58900985946508,97.58221304568066,21617700,GOOG
10/12/2022,97.63187408447266,98.97071152564483,97.00615124132109,97.60207162441023,17343400,GOOG
10/13/2022,99.03230285644531,99.84672928,94.62247765839079,95.27799549163242,32812200,GOOG
10/14/2022,96.51949310302734,100.60155910753977,96.37051109853005,99.94107803038207,22624800,GOOG
10/17/2022,100.09502410888672,101.07829322222307,98.83365929,98.84358586984254,23311600,GOOG
10/18/2022,100.70087432861328,103.51164127263478,99.96590606417412,103.23354558217343,21610500,GOOG
10/19/2022,99.60836029052734,100.96805130997552,98.95781334,100.0155697049409,21573700,GOOG
10/20/2022,99.84672546386719,102.29993880091689,99.29053404665551,100.13475532707746,25125100,GOOG
10/21/2022,100.7902603149414,100.92930815155773,97.56235003520472,97.79078251927206,28988700,GOOG
10/24/2022,102.27013397216797,102.39924765931433,99.61828326607534,101.39611031290339,24680800,GOOG
10/25/2022,104.2168197631836,104.38566250102328,102.31979787409422,102.59790115573206,29910200,GOOG
10/26/2022,94.17552947998047,97.87024668893879,93.92722867376058,96.10234616105942,71504300,GOOG
10/27/2022,91.97061920166016,94.52315124,91.27537996,93.66899584555583,54036500,GOOG
10/28/2022,95.92356872558594,96.20166441454593,91.69549886314017,91.90109265695114,35696900,GOOG
10/31/2022,94.01661682128906,95.69512504571323,93.73851357,95.12899954,29868700,GOOG
11/01/2022,89.88489532470703,95.51139272035945,89.81537139938067,94.94029629746328,43220600,GOOG
11/02/2022,86.47821044921875,90.67946371422306,86.41862067643025,90.29211503601825,43553600,GOOG
11/03/2022,82.92253112792969,85.96173800234615,82.88280209154411,85.75812953244713,48510400,GOOG
11/04/2022,86.11071014404297,86.1405126,83.30987756,84.92880355,40173300,GOOG
11/07/2022,88.04746246,88.33549229174598,86.36894668265106,86.74636115902575,26899900,GOOG
11/08/2022,88.30570983886719,89.79054393617074,87.05427154783787,88.55401066611286,30172000,GOOG
11/09/2022,86.80596923828125,88.88176048138935,86.76624019729557,87.94318367,26743900,GOOG
11/10/2022,93.52994537353516,93.90736745,91.02707659419585,91.71238166301086,42371200,GOOG
11/11/2022,96.07255554199219,96.69827087353168,93.52002344383007,94.06628069524213,30569100,GOOG
11/14/2022,95.37730407714844,96.51948929652994,94.46653690557272,94.85090758255207,24170100,GOOG
11/15/2022,98.04901885986328,99.73746122998911,96.36056891219857,97.99935566999062,31831000,GOOG
11/16/2022,98.31719207763672,99.17134751777705,97.23658943843006,97.35378366881285,24660200,GOOG
11/17/2022,97.83052062988281,98.80386315402339,96.44003455719891,96.51949263621844,21818700,GOOG
11/18/2022,97.13527679,98.48603376380899,96.08247624099918,98.33705176706893,24969900,GOOG
11/21/2022,95.17867279052734,98.04902968311204,95.01975662742383,96.89691023323071,18696900,GOOG
11/22/2022,96.66847229003906,96.88498532042568,93.76832067,95.50642632840014,18868900,GOOG
11/23/2022,98.14833832,98.39564646,96.67839427176206,96.67839427176206,17568900,GOOG
11/25/2022,96.93663787841797,98.2675342,96.86711395244603,97.79575658740099,8567800,GOOG
11/28/2022,95.59580231,97.16506508828637,95.23824857021863,96.53934225992408,19974500,GOOG
11/29/2022,94.79132843017578,95.73486856455261,93.74846190056765,95.34751987127875,20220000,GOOG
11/30/2022,100.76046752929688,100.76046752929688,94.02655065004306,94.47349666,39888100,GOOG
12/01/2022,100.59163665771484,101.8927306548002,99.98578199245974,100.71082379068876,21771500,GOOG
12/02/2022,100.14468383789062,100.46250856946295,98.49596283330087,98.69460802649564,18821500,GOOG
12/05/2022,99.19121551513672,101.0584349764682,98.67971642588161,99.13658903096676,19955500,GOOG
12/06/2022,96.64859771728516,99.52888841594041,96.10234052217703,98.99255779667037,20877600,GOOG
12/07/2022,94.50328826904297,96.64860329233407,94.37913786605618,96.11227264212648,26647900,GOOG
12/08/2022,93.31143951416016,95.21839545602491,93.16246509314973,95.03961857327319,25593200,GOOG
12/09/2022,92.43741607666016,93.84776271898633,92.38775288856952,93.26177650271761,21885300,GOOG
12/12/2022,92.92409515,93.23695660745051,91.27538167236226,92.45728840632368,27380900,GOOG
12/13/2022,95.19853210449219,99.12168958,94.73172535425174,97.40344458071074,34788500,GOOG
12/14/2022,94.66220092773438,96.55922280441791,93.30151730193226,94.89064101320092,26452900,GOOG
12/15/2022,90.58013916015625,93.39090635596996,89.81537594287904,92.90423885406629,28298800,GOOG
12/16/2022,90.24244689941406,91.12639718,89.39822566179373,90.58013236344645,48485500,GOOG
12/19/2022,88.54406738,90.58012940979408,88.32059817683806,90.26230468678754,23020500,GOOG
12/20/2022,89.02080535888672,89.16978736321556,87.44161581460381,88.12692848799274,21976800,GOOG
12/21/2022,89.63658905029297,90.29707008944192,88.30570039579547,89.12012671896804,20336400,GOOG
12/22/2022,87.66011047363281,88.57385553564636,86.34908264366686,88.32555475286843,23656100,GOOG
12/23/2022,89.19958496,89.48761482405439,87.02447491073842,87.02447491073842,17815000,GOOG
12/27/2022,87.33235931396484,88.89168806405394,86.94004737673795,88.70297702770877,15470900,GOOG
12/28/2022,85.87236022949219,87.91835669371382,85.78297556573423,86.90529261675617,17879600,GOOG
12/29/2022,88.34542846679688,88.75760873609705,86.39875095299075,86.43847999,18280700,GOOG
12/30/2022,88.12693786621094,88.22625668715288,86.4384876,86.77120981783928,19190300,GOOG
01/03/2023,89.09033203,90.92776417873544,88.41495349133301,89.21945330850191,20738500,GOOG
01/04/2023,88.10707092285156,90.61987426162709,87.20325978745099,90.39144172766956,27046500,GOOG
01/05/2023,86.18024444580078,87.61045958011077,85.97167266830384,87.47141172844614,23136100,GOOG
01/06/2023,87.56080627441406,87.86869687157876,84.98840579563675,86.76624060603703,26612600,GOOG
01/09/2023,88.19644927978516,90.21265061112891,87.97794336,88.58876121895915,22996700,GOOG
01/10/2023,88.63345336914062,88.86685673,86.11071627710662,86.13058458495952,22855600,GOOG
01/11/2023,91.63294982910156,91.82165332654081,89.13007296241163,89.44789775432805,25998800,GOOG
01/12/2023,91.28532409667969,91.99049757020825,89.95442765918024,91.77199161945907,22754200,GOOG
01/13/2023,92.16925811767578,92.34803499,90.31196544351118,90.90590052069727,18630700,GOOG
01/17/2023,91.53361511230469,92.33810731959731,90.22257954851013,92.14939627737729,22935800,GOOG
01/18/2023,91.15619659423828,92.95190680596515,90.77878207,92.30831604596713,19641600,GOOG
01/19/2023,93.27172088623047,93.75838835723602,90.75891029747898,90.76884445169445,28707700,GOOG
01/20/2023,98.60520935058594,98.74425719,95.25811952255884,95.29784098,53704800,GOOG
01/23/2023,100.52210235595703,100.71081340264897,98.07882321356192,98.45623772940617,31791800,GOOG
01/24/2023,98.53569030761719,100.40290962876882,98.02915454493625,98.87338334191755,27391400,GOOG
01/25/2023,96.07255554199219,97.05582465656556,94.61453083956603,96.53935471327681,31000900,GOOG
01/26/2023,98.48603820800781,98.53569382,96.16193865558921,97.61201449571318,24542100,GOOG
01/27/2023,100.02549743652344,100.88958698363005,98.29732591984958,98.37678399769513,29020400,GOOG
01/30/2023,97.28424835205078,98.73333142649015,96.85717068197916,98.07385063828548,24365100,GOOG
01/31/2023,99.19121551513672,99.23094455612757,97.12535084885097,97.19487477620002,22306800,GOOG
02/01/2023,100.74060821533203,101.49544482401241,97.75106424391362,99.06209226028501,26392600,GOOG
02/02/2023,108.06051635742188,108.08037708825424,105.81587489639395,106.06417570826528,46622600,GOOG
02/03/2023,104.50484466552734,107.28580915216041,102.59789628997224,102.80646805815427,36823400,GOOG
02/06/2023,102.76675415039062,103.98839005496957,101.5153158,101.98708586586945,25573000,GOOG
02/07/2023,107.30567932128906,107.93139463668801,102.84420598747944,102.92564938087827,33738800,GOOG
02/08/2023,99.32032775878906,102.87599731116323,97.78583051352528,101.99204700031318,73546000,GOOG
02/09/2023,94.81118774414062,99.92618634287975,93.22206395223701,99.85666241378209,97798600,GOOG
02/10/2023,94.21526336669922,96.36057850251893,93.88750447,95.08927952165693,49325300,GOOG
02/13/2023,94.35430145263672,94.70192104774392,93.41076146912589,94.36423560607946,43116600,GOOG
02/14/2023,94.30464935302734,94.52812616,92.02028633258648,94.01662706716678,42513100,GOOG
02/15/2023,96.44003295898438,96.67839961455326,93.71865820674988,94.09607270952888,36964500,GOOG
02/16/2023,95.12899780273438,97.21472293090793,94.32450566,94.89063116516736,35642100,GOOG
02/17/2023,93.94709014892578,95.09920954,92.81483906979004,94.42383103,31095100,GOOG
02/21/2023,91.42436981201172,92.78009023952438,91.37470661435745,92.60627662527453,28367200,GOOG
02/22/2023,91.17607116699219,91.73226262187589,90.25239174,91.30915550653064,29891100,GOOG
02/23/2023,90.45102692,91.50382002098485,89.39823381202298,91.50382002098485,32423700,GOOG
02/24/2023,88.74271392822266,89.51741129495574,88.25604643,89.02080964166122,31295600,GOOG
02/27/2023,89.48760986328125,89.83522947965548,89.00094240035733,89.47767570923075,22724300,GOOG
02/28/2023,89.68626403808594,90.82844180947724,88.91155907,88.93142738298188,30546900,GOOG
03/01/2023,89.89482879638672,90.58013389010253,89.23931101,89.54720917,26323900,GOOG
03/02/2023,91.68258666992188,91.85143697598745,89.15984958576476,89.24924181574528,23328600,GOOG
03/03/2023,93.38095856,93.47035078260345,92.03020921946553,92.10965971400657,30242500,GOOG
03/06/2023,94.93037414550781,95.64548174079101,93.65907512168873,93.71866489544904,28288200,GOOG
03/07/2023,93.52994537353516,95.43689373660693,93.20616470053571,94.77144939806718,24101500,GOOG
03/08/2023,94.00669098,95.58588054037929,93.76335345004838,93.76335345004838,25395200,GOOG
03/09/2023,92.03022003173828,95.26805728523553,91.72729272669056,93.84777628448488,24438900,GOOG
03/10/2023,90.39143371582031,92.54668304,90.18286193383003,91.87130449901218,32850100,GOOG
03/13/2023,91.03701782226562,92.44736468511762,89.32870693935652,89.94945899985898,31508600,GOOG
03/14/2023,93.60941314697266,94.18547289264055,92.14940305047024,92.43743292330419,32303900,GOOG
03/15/2023,95.89378356933594,96.58902286226427,92.40763779470394,92.90423945466418,38367300,GOOG
03/16/2023,100.3830566,101.27694112090344,95.21840254185582,95.91364181677253,54499500,GOOG
03/17/2023,101.76359558105469,102.78659363065384,100.06521907479703,100.1546037,76140300,GOOG
03/20/2023,101.23721313476562,101.88279679822398,100.10496197379432,100.37312353190232,26033900,GOOG
03/21/2023,105.1206283569336,105.23981547486385,101.16768366482349,101.28687078275374,33122800,GOOG
03/22/2023,103.51164245605469,106.77928201141202,103.50170830198485,104.42538761445692,32336900,GOOG
03/23/2023,105.53778076171875,106.37306052241634,104.69355950436757,105.17029282679528,31385800,GOOG
03/24/2023,105.3391342163086,105.43846060328934,104.02810623008074,105.02130947957274,25236200,GOOG
03/27/2023,102.3595199584961,104.68361940024222,101.9324422769274,104.60416132517383,25393400,GOOG
03/28/2023,100.67108154296875,102.29993425894689,99.59842022,102.29993425894689,24913500,GOOG
03/29/2023,101.20740509033203,102.12115019310482,100.34331559980667,102.02183139107106,26148300,GOOG
03/30/2023,100.63135528564453,100.9193851440288,99.60835712718224,100.75054240628135,25009800,GOOG
03/31/2023,103.29314422607422,103.48185527976155,100.75054617762977,101.01870773717607,28108000,GOOG
04/03/2023,104.19695281982422,104.23667428015045,101.68414232322633,101.97217216459619,20719900,GOOG
04/04/2023,104.40553283691406,105.37886782015485,103.88906288138487,104.12742954987694,20377200,GOOG
04/05/2023,104.23667907714844,105.81587620043213,103.39444313724364,105.39873264995701,21864200,GOOG
04/06/2023,108.15983581542969,108.88486994702083,104.10260143442055,105.05110478252844,34684200,GOOG
04/10/2023,106.22309112548828,107.23616274656032,104.88226817057756,106.66010300732641,19741500,GOOG
04/11/2023,105.39873504638672,106.49125714141704,104.56444034892777,106.1932931257089,18721300,GOOG
04/12/2023,104.50484466552734,106.85575348889417,104.2565438589955,106.6600938476143,22761600,GOOG
04/13/2023,107.45466613769531,107.52915335326844,105.71656038395149,105.74635527018073,21650700,GOOG
04/14/2023,108.71602630615234,108.8352134,106.8587335097848,106.95805989633256,20758700,GOOG
04/17/2023,105.69668579101562,105.98471563667432,104.60416375483595,104.71341671620785,29043400,GOOG
04/18/2023,104.40553283691406,106.32241549456636,104.06783977713886,106.27275229892479,17641400,GOOG
04/19/2023,104.30619812011719,105.00640820405924,103.09449656509996,103.5066692303592,16732000,GOOG
04/20/2023,105.18022918701172,106.16151300008715,103.92879092869914,103.93872508324043,22515300,GOOG
04/21/2023,105.1901626586914,105.91519680716492,104.76804823513352,105.36893197403585,22379000,GOOG
04/24/2023,106.05423736572266,106.5905680074884,104.64389062860117,105.32920326711391,21410900,GOOG
04/25/2023,103.89898681640625,106.70975367635846,103.8493236256496,105.88539320604784,31408100,GOOG
04/26/2023,103.74007415771484,106.2926062,102.56809404530065,104.84253034725442,37068200,GOOG
04/27/2023,107.63343811035156,108.40813542704281,103.71028075621857,104.51478053531588,38235200,GOOG
04/28/2023,107.48445129394531,107.55397521469986,105.31926801932504,107.06730776941805,23957900,GOOG
05/01/2023,106.97792053222656,107.94132889158566,106.76934876023223,106.9878546863804,20926300,GOOG
05/02/2023,105.25968933105469,106.99779511039645,103.78974510926527,106.92827118232437,20343100,GOOG
05/03/2023,105.39873504638672,107.39506818799623,104.90213340523296,105.49805385910953,17116300,GOOG
05/04/2023,104.49491119384766,105.57750665771563,103.98837542350432,105.43845881135304,19780600,GOOG
05/05/2023,105.49308013916016,105.71655693366536,104.02711419522396,104.60416655966024,20710600,GOOG
05/08/2023,107.50432586669922,107.68310276845116,105.0709807494188,105.07594403813357,17266000,GOOG
05/09/2023,107.20636749267578,109.84332106306702,106.99282484113037,108.04065463419487,24782400,GOOG
05/10/2023,111.5168685913086,112.73851202035469,107.74270048683408,107.81222441677718,47533500,GOOG
05/11/2023,116.10546112060547,117.63499503069592,114.14884951109016,115.07252883414675,57115100,GOOG
05/12/2023,117.11852264404297,117.45621568135543,115.75783907343545,116.20477749432098,31293800,GOOG
05/15/2023,116.16504669189453,117.9875736754438,115.68831339386146,115.69823997014691,22107900,GOOG
05/16/2023,119.27377319335938,120.37622939354988,116.03593609387349,116.03593609387349,32370100,GOOG
05/17/2023,120.65433502197266,121.44889308123003,118.64806019895335,119.36316775656262,26659600,GOOG
05/18/2023,122.68045806884766,123.0578801410531,120.66425675010093,120.73378067221154,27014500,GOOG
05/19/2023,122.41230010986328,125.61934969441552,121.88590360171602,123.35584016285863,30268900,GOOG
05/22/2023,125.01448822021484,126.18646828720705,122.61093074211966,122.67052808623045,29760200,GOOG
05/23/2023,122.4520263671875,124.56754650589102,122.21365971519508,124.08087904795757,24477900,GOOG
05/24/2023,120.8132553100586,121.91571163861506,119.92930493167226,121.05162199318046,23087900,GOOG
05/25/2023,123.50482177734375,125.12374791339717,122.06468010570865,124.35897717270534,33812700,GOOG
05/26/2023,124.5774917602539,125.14361734514223,122.4520372782142,123.22177136072604,25154700,GOOG
05/30/2023,123.7928466796875,125.52101813208961,122.05474107353933,125.43163348099218,27230700,GOOG
05/31/2023,122.53148651123047,124.05108625682428,122.26331739286722,122.85923782167312,41548800,GOOG
06/01/2023,123.52468872070312,124.19013306768964,122.46196156531565,122.66059918074647,25017700,GOOG
06/02/2023,124.37884521484375,125.88354751888016,123.5048215130662,123.64386936061456,19367500,GOOG
06/05/2023,125.76932525634766,127.12008228724162,123.53461793608714,123.7630580184978,22672500,GOOG
06/06/2023,127.04063415527344,128.0040425414935,125.11381738283332,125.73953271626199,19450100,GOOG
06/07/2023,122.10440063476562,128.66947422102234,121.79650249810325,126.70789189036707,34179300,GOOG
06/08/2023,121.83624267578125,122.88904328920802,121.18073246132641,121.75182130757703,24815000,GOOG
06/09/2023,122.03488159179688,123.4402650484475,121.58793559912097,121.72698344283191,20304500,GOOG
06/12/2023,123.50482177734375,123.90210459013463,121.51841529092877,122.55631086147115,22255700,GOOG
06/13/2023,123.58427429199219,125.00455516894341,123.00325133017657,124.79598340656389,19287700,GOOG
06/14/2023,123.53462219238281,123.94183917754627,121.32971725889053,122.95857004446486,24659600,GOOG
06/15/2023,124.9350357055664,125.30252363003528,122.30304562013968,123.0380138915381,24517100,GOOG
06/16/2023,123.21678924560547,125.83884514439914,122.94862770989351,125.83884514439914,56699200,GOOG
06/20/2023,123.00820922851562,124.32420795538468,121.99514534455511,122.69535538742389,22698000,GOOG
06/21/2023,120.43582916259766,122.5712176823766,120.03854634396957,122.39740408124571,22612000,GOOG
06/22/2023,123.02808380126953,123.09263685690468,118.78710187008443,119.83990242071009,20781900,GOOG
06/23/2023,122.1838607788086,122.60101190375572,121.03174894631987,121.21052583485735,29573100,GOOG
06/26/2023,118.28056335449219,121.88589575621981,118.18124455176023,120.64042114782463,23185000,GOOG
06/27/2023,118.20112609863281,119.0801055576817,116.1154006974822,117.03907248613567,27221700,GOOG
06/28/2023,120.2570571899414,120.4457607,116.80070637736142,117.15826017099177,19753100,GOOG
06/29/2023,119.1943130493164,120.0881974065444,118.39974749232738,119.27376354298433,18517500,GOOG
06/30/2023,120.1478042602539,121.20059733209916,120.05841202304715,120.27691796117499,23871800,GOOG
07/03/2023,119.7405776977539,120.19745026934154,118.89139318864771,119.5022110468254,13888300,GOOG
07/05/2023,121.7965087890625,122.53148463160333,119.24397680317581,119.24397680317581,17830300,GOOG
07/06/2023,120.10806274414062,120.32656865957364,118.43948107247091,119.82003290811882,17732500,GOOG
07/07/2023,119.32343292236328,120.92249069504712,119.27376973089793,120.06833532910896,20997700,GOOG
07/10/2023,116.07566833496094,118.2607124874439,115.8472282498414,118.2607124874439,32960100,GOOG
07/11/2023,116.90995025634766,117.42144930905465,115.04273092843452,115.96641022723787,18286600,GOOG
07/12/2023,118.80696868896484,120.13785733052732,118.19117998131621,118.4891439702679,22059600,GOOG
07/13/2023,123.98155975341797,124.48312465153188,120.23717937113332,120.71392025078217,31535900,GOOG
07/14/2023,124.84564208984375,126.22619396349738,124.05108405803247,124.27951655588176,20499800,GOOG
07/17/2023,124.20999908447266,126.4149115662746,123.65380767556394,125.20320235897519,20675300,GOOG
07/18/2023,123.23666381835938,124.14047485563204,122.46196647854292,124.05605348680996,21045800,GOOG
07/19/2023,121.94549560546875,124.61721481184262,121.63760501827993,123.94183628886682,22313800,GOOG
07/20/2023,118.71759033203125,123.85244962180235,117.87833232338083,121.28999084308815,27541700,GOOG
07/21/2023,119.4922866821289,120.47556340564832,118.26071671097489,120.04848568324671,56514600,GOOG
07/24/2023,121.0516128540039,122.5116228857852,120.55501121476073,121.09730541816157,22276100,GOOG
07/25/2023,121.95542907714844,122.84931352572141,120.7039908491463,121.0516104742748,31820800,GOOG
07/26/2023,128.7787322998047,130.47710130804813,127.83519227799407,129.47397151823998,46216900,GOOG
07/27/2023,128.9873047,132.6919638210211,128.3019920018063,130.90419489205476,35931600,GOOG
07/28/2023,132.10597229003906,133.1587805726006,130.03018092320707,130.0798441217842,26971000,GOOG
07/31/2023,132.2052764892578,132.92038399447299,131.23194161191188,132.10595010878097,18381900,GOOG
08/01/2023,130.9935760498047,132.01657418500386,129.8613249508911,129.96560704872977,22154300,GOOG
08/02/2023,127.76565551757812,129.53355595240706,126.98102410191629,128.9574962936874,22705800,GOOG
08/03/2023,127.89478302001953,128.88798624108497,126.9065430871453,127.49749263854629,15018100,GOOG
08/04/2023,127.66634368896484,131.0333022,127.44288204270669,128.71915190218343,20521900,GOOG
08/07/2023,131.04324340820312,131.162423,128.55029347196347,128.6297515531065,17621000,GOOG
08/08/2023,130.94393920898438,131.0432656160158,129.24556979635355,130.08978363579283,16836000,GOOG
08/09/2023,129.26539611816406,131.56963491821122,128.62479093757165,131.29153922235432,17745200,GOOG
08/10/2023,129.3249969482422,131.74542966075936,129.1511833550654,131.07302914614883,17855700,GOOG
08/11/2023,129.28526306152344,129.5534321779395,127.87491628883082,128.32384002810613,15205500,GOOG
08/14/2023,130.9339599609375,131.0134180235835,128.70917967207663,128.96742216444514,17526200,GOOG
08/15/2023,129.38458251953125,131.09289320176865,128.93664388435008,130.6956028366682,14769200,GOOG
08/16/2023,128.2324676513672,130.00830942211613,127.58689162386746,128.40131037925053,17548400,GOOG
08/17/2023,129.57330322265625,131.59048969658667,128.96744863133736,129.56336149086283,23665600,GOOG
08/18/2023,127.2392807006836,128.94759166067027,126.13682438528615,128.18282084420312,23627200,GOOG
08/21/2023,128.05368041992188,128.38143929227465,126.29572167968155,126.9810267302367,21851100,GOOG
08/22/2023,128.80853271484375,130.05996336176372,128.04873283009252,128.25234131621266,15557900,GOOG
08/23/2023,132.3046112060547,133.1587666047098,129.62295031499127,129.96065093684385,26497000,GOOG
08/24/2023,129.53355407714844,134.05263147808955,129.4143745477862,133.81128686909997,18680400,GOOG
08/25/2023,129.80174255371094,130.50690841449438,127.16974469838915,129.25547770410984,20678100,GOOG
08/28/2023,130.89425659179688,132.33441350474482,129.96065821754578,131.18229403641834,16715500,GOOG
08/29/2023,134.56912231445312,136.36184701971675,132.0761722999378,132.0940552941573,30803300,GOOG
08/30/2023,135.9993438720703,136.3171762569084,134.10332184258695,134.64860170175513,21773400,GOOG
08/31/2023,136.4164581298828,137.45930930885152,135.89006167504502,136.11849415514433,28147900,GOOG
09/01/2023,135.8701934814453,137.63809386992924,135.0160381691942,137.48910430489772,16671600,GOOG
09/05/2023,135.78082275390625,136.4363253799754,134.63862992522493,135.51265363342227,17730200,GOOG
09/06/2023,134.4499053955078,136.5455646455554,133.77453452880073,136.0837288186092,15814300,GOOG
09/07/2023,135.27427673339844,135.65169880997274,133.04951120010622,133.6851606603438,16976000,GOOG
09/08/2023,136.26748657226562,136.58034802933074,134.94652439525694,134.94652439525694,17810700,GOOG
09/11/2023,136.8038330078125,137.32427361716273,135.6219186127161,136.4462792005151,17180800,GOOG
09/12/2023,135.14517211914062,136.70449332504472,135.00610911668778,136.1979651285559,15212900,GOOG
09/13/2023,136.56544494628906,136.76408256246793,134.01290535540068,134.97631370670078,16394900,GOOG
09/14/2023,138.0453338623047,138.60152529250038,136.12844358850901,137.4494058127637,19064600,GOOG
09/15/2023,137.36001586914062,138.41280891510462,136.2476179,137.85661750629941,48958800,GOOG
09/18/2023,138.01553344726562,138.9789266791441,136.69457127592074,136.69457127592074,16233600,GOOG
09/19/2023,137.8863983154297,138.22905462249415,136.56543627683354,137.31033865652537,15479100,GOOG
09/20/2023,133.6752166748047,137.89633032608708,133.60570033060074,137.88640374979462,21473500,GOOG
09/21/2023,130.46717834472656,132.28474209437664,130.19900922623293,131.49017647055624,22058400,GOOG
09/22/2023,130.3579102,132.10594220042228,129.62293438792227,130.78498022556303,17348700,GOOG
09/25/2023,131.27166748046875,131.32133067237535,129.1462132005402,129.88118903755412,14650000,GOOG
09/26/2023,128.57015991210938,130.51187411815656,127.3187292512261,130.0242139812398,20378800,GOOG
09/27/2023,130.56651306152344,130.82474046483253,128.50064836981147,128.5602381432613,18764200,GOOG
09/28/2023,132.22515869140625,133.26801002061293,129.8017402418512,129.8017402418512,18201400,GOOG
09/29/2023,130.9538574,133.97318869928992,130.42746090033583,133.1686964741104,23237300,GOOG
10/02/2023,134.25128173828125,134.43999278095146,131.16738988460972,131.25677454006015,19210400,GOOG
10/03/2023,132.3939971923828,134.3208139,131.91229300652276,134.01290819587905,19628700,GOOG
10/04/2023,135.34381103515625,135.64177504098322,132.52310228908374,132.75154994809577,22848000,GOOG
10/05/2023,135.0657196044922,135.57224782184414,133.54114893132785,135.20476745759348,15922900,GOOG
10/06/2023,137.78707885742188,138.23998837759044,134.02284531119523,134.02284531119523,20826700,GOOG
10/09/2023,138.55184936523438,139.01865609163104,135.77087731470144,137.05211795696582,16599100,GOOG
10/10/2023,138.25389099121094,139.78343250100227,137.48912023631527,138.5617816,19554900,GOOG
10/11/2023,140.7368927001953,141.25336261602536,138.8895341,138.89947584332884,20146300,GOOG
10/12/2023,139.3364715576172,141.41227778281169,138.50218449906495,141.19377186437015,18173100,GOOG
10/13/2023,137.6381072998047,140.37934279597587,137.0322527150799,139.69403013316338,19438700,GOOG
10/16/2023,139.5351563,139.94732900791237,138.37311004790243,138.78031193900614,17345600,GOOG
10/17/2023,140.0317383,140.28996568260703,137.58746642254545,139.07825644802168,17424000,GOOG
10/18/2023,138.33334350585938,141.02493090489875,137.76225468439802,139.79335345416348,18304900,GOOG
10/19/2023,138.0354004,140.04664631187856,137.65799341473772,138.84983443006533,21831200,GOOG
10/20/2023,135.81063842773438,138.09499412460977,135.3189924390768,137.64805562544203,24970300,GOOG
10/23/2023,136.9627227783203,138.07512072917788,134.1916923655936,135.30407516137223,20780700,GOOG
10/24/2023,139.16763305664062,139.75363448575294,137.8069494682728,138.21416643365018,26535200,GOOG
10/25/2023,125.80905151367188,129.21574647830838,125.2329918208008,128.88798759330868,58796100,GOOG
10/26/2023,122.60100555419922,124.60727268606843,121.48861524118378,123.62400363880583,33907400,GOOG
10/27/2023,122.5612793,123.59421155863207,120.63446261844938,123.18699459977336,37367700,GOOG
10/30/2023,124.89530944824219,125.6898750840977,123.03801663151515,123.61407633863341,24165600,GOOG
10/31/2023,124.44837188720703,125.69980254278161,123.08271740055689,125.41177268720156,21123400,GOOG
11/01/2023,126.70293426513672,126.87177699365125,124.0759150866492,124.48808775404078,26536600,GOOG
11/02/2023,127.7060775756836,129.20580904934013,127.23927082893425,128.67941253152986,24091700,GOOG
11/03/2023,129.48390197753906,129.8414557513251,128.1331449604673,128.21260303853958,19529400,GOOG
11/06/2023,130.55657958984375,130.6658326,129.04690622824918,129.3349436915877,15360400,GOOG
11/07/2023,131.50009155273438,132.3741151780464,130.24866103428275,131.08294804658382,19223800,GOOG
11/08/2023,132.354248,132.63234372011158,131.26173366061062,131.4603712621971,15093600,GOOG
11/09/2023,130.79493713378906,133.04951273258644,130.6161526699025,132.45358472640288,17976500,GOOG
11/10/2023,133.14883422851562,133.35741359328367,129.98051322303658,130.63603104935913,20872900,GOOG
11/13/2023,132.73167419433594,133.19848090776173,131.8675922654779,132.45357851251777,16409900,GOOG
11/14/2023,134.5095215,136.30723226569063,134.1817777176159,134.72802743226794,22317300,GOOG
11/15/2023,135.4530792236328,135.90994428285046,134.41021266356032,135.71130664166537,15840900,GOOG
11/16/2023,137.75729370117188,137.93607817454426,135.1551059232679,136.0291296706895,17615100,GOOG
11/17/2023,136.00926208496094,137.0620551562761,134.55917860130444,136.88328583703222,25565300,GOOG
11/20/2023,136.9825897216797,137.4841622099929,134.56911311094566,134.57903968756656,19569400,GOOG
11/21/2023,137.6778106689453,138.0204669553228,136.76903648882035,137.00243982656912,17648100,GOOG
11/22/2023,139.06832885742188,140.14099022883187,138.05525725857697,138.15458364957178,17306400,GOOG
11/24/2023,137.2805633544922,138.72766131128793,136.53566086855264,138.59158384910427,8828600,GOOG
11/27/2023,137.11172485351562,138.68098795774316,136.60518144814702,136.63499149118078,17886400,GOOG
11/28/2023,137.6778106689453,137.71754728030675,136.10854793185868,136.69454928636367,17046900,GOOG
11/29/2023,135.47291564941406,138.72069448225272,135.36863355280897,138.04035268879304,21014700,GOOG
11/30/2023,133.00978088378906,136.02912732923033,131.8874563324484,135.47292076448537,29913500,GOOG
12/01/2023,132.4138641357422,132.59263344572554,131.2537883158629,132.4138641357422,24268000,GOOG
12/04/2023,129.74212646484375,130.5565451303608,128.52047573395316,130.40161478149722,24117100,GOOG
12/05/2023,131.49017333984375,132.63235097777428,128.84824914445224,129.48389859735832,19235100,GOOG
12/06/2023,130.5366973876953,132.40392436898622,130.4175178459377,131.9967073945423,16360600,GOOG
12/07/2023,137.5089874267578,139.04845550081836,135.30407499140995,135.6715705006872,38419400,GOOG
12/08/2023,135.71127319335938,137.0521034622798,134.6485537396497,134.73793838289058,23016100,GOOG
12/11/2023,133.7844696044922,133.87385425633943,131.98677421586547,132.91046108352194,24502900,GOOG
12/12/2023,132.73167419433594,133.62555100659748,131.92718203228492,132.36419386230722,26584000,GOOG
12/13/2023,133.05943298339844,133.86392514494486,132.04636148308018,133.63052178837836,25414500,GOOG
12/14/2023,132.29469299316406,134.11722794371502,130.1692382728527,133.8540296,29619100,GOOG
12/15/2023,132.93032836914062,133.91360510923639,131.72856084188126,132.0165831357041,58594000,GOOG
12/18/2023,136.25753784179688,137.4394519740675,132.8607850053577,132.95016964853528,25699800,GOOG
12/19/2023,137.16139221191406,137.82683665485703,136.51580092482197,137.06206581233658,20661000,GOOG
12/20/2023,138.71075439453125,142.105522,138.46245360912863,139.37619868080097,33507300,GOOG
12/21/2023,140.83621215820312,141.06464464326694,139.51823567733925,139.81321410826092,18101500,GOOG
12/22/2023,141.74996948242188,142.27636599411244,141.08948083232403,141.16398320036313,18513500,GOOG
12/26/2023,141.84930419921875,142.96665792446996,141.53147186515343,142.0082052111716,11170100,GOOG
12/27/2023,140.47865295410156,142.34587968576145,140.09228942010267,141.85920469685007,17288400,GOOG
12/28/2023,140.31976318359375,141.3030399216425,139.87083940722655,140.88589634779512,12192500,GOOG
12/29/2023,139.9721221923828,140.47369466693337,138.9491240905847,139.72382138796428,14881000,GOOG
